Workbook

Sheet Input
A1: Khóa K = | B1: 0133457799bbcdff | E1: <- Thay đổi | H1: K1 | I1: ='K1 & K2'!D15 -> 000110110000001011101111110110110100100110100101 | O1: ='K1 & K2'!P12 & 'K1 & K2'!P13 & 'K1 & K2'!P14 & 'K1 & K2'!P15 & 'K1 & K2'!P16 & 'K1 & K2'!P17 -> 1B02EFDB49A5
A2: Bản rõ = | B2: 00123456789abcde | E2: <- Thay đổi | H2: K2 | I2: ='K1 & K2'!D133 -> 011010011010111011011001001001011110101001100110 | O2: ='K1 & K2'!$C$136&'K1 & K2'!$C$137&'K1 & K2'!$C$138&'K1 & K2'!$C$139&'K1 & K2'!$C$140&'K1 & K2'!$C$141 -> 69AED925EA66
H3: K3 | I3: ='K3'!$D$61 -> 010101011111110010001010101101001010110011010010 | O3: {=INDIRECT("'"&H3&"'!C64") & INDIRECT("'"&H3&"'!C65") & INDIRECT("'"&H3&"'!C66") & INDIRECT("'"&H3&"'!C67") & INDIRECT("'"&H3&"'!C68") & INDIRECT("'"&H3&"'!C69")} -> 55FC8AB4ACD2
A4: Mã hóa = | B4: ='L16,R16'!B92 -> 0001101010111111111101101001110101011010100100111110100000001011 | H4: K4 | I4: ='K4'!$D$61 -> 011100101010110111010010101011011000011001010111 | O4: {=INDIRECT("'"&H4&"'!C64") & INDIRECT("'"&H4&"'!C65") & INDIRECT("'"&H4&"'!C66") & INDIRECT("'"&H4&"'!C67") & INDIRECT("'"&H4&"'!C68") & INDIRECT("'"&H4&"'!C69")} -> 72ADD2AD8657
B5: ='L16,R16'!C95&'L16,R16'!C96&'L16,R16'!C97&'L16,R16'!C98&'L16,R16'!C99&'L16,R16'!C100&'L16,R16'!C101&'L16,R16'!C102 -> 1ABFF69D5A93E80B | H5: K5 | I5: ='K5'!$D$61 -> 011111001110110000000111000111111110011011000010 | O5: {=INDIRECT("'"&H5&"'!C64") & INDIRECT("'"&H5&"'!C65") & INDIRECT("'"&H5&"'!C66") & INDIRECT("'"&H5&"'!C67") & INDIRECT("'"&H5&"'!C68") & INDIRECT("'"&H5&"'!C69")} -> 7CEC071FE6C2
H6: K6 | I6: ='K6'!$D$61 -> 011000111010010100011110001111001100010101000101 | O6: {=INDIRECT("'"&H6&"'!C64") & INDIRECT("'"&H6&"'!C65") & INDIRECT("'"&H6&"'!C66") & INDIRECT("'"&H6&"'!C67") & INDIRECT("'"&H6&"'!C68") & INDIRECT("'"&H6&"'!C69")} -> 63A51E3CC545
H7: K7 | I7: ='K7'!$D$61 -> 011011001000010010110111100010101110010011000110 | O7: {=INDIRECT("'"&H7&"'!C64") & INDIRECT("'"&H7&"'!C65") & INDIRECT("'"&H7&"'!C66") & INDIRECT("'"&H7&"'!C67") & INDIRECT("'"&H7&"'!C68") & INDIRECT("'"&H7&"'!C69")} -> 6C84B78AE4C6
H8: K8 | I8: ='K8'!$D$61 -> 111101111000100000111010111011001110011110000001 | O8: {=INDIRECT("'"&H8&"'!C64") & INDIRECT("'"&H8&"'!C65") & INDIRECT("'"&H8&"'!C66") & INDIRECT("'"&H8&"'!C67") & INDIRECT("'"&H8&"'!C68") & INDIRECT("'"&H8&"'!C69")} -> F7883AECE781
H9: K9 | I9: ='K9'!$D$61 -> 110000001101101111101011001001111011100000111001 | O9: {=INDIRECT("'"&H9&"'!C64") & INDIRECT("'"&H9&"'!C65") & INDIRECT("'"&H9&"'!C66") & INDIRECT("'"&H9&"'!C67") & INDIRECT("'"&H9&"'!C68") & INDIRECT("'"&H9&"'!C69")} -> C0DBEB27B839
H10: K10 | I10: ='K10'!$D$61 -> 101100011111001101000111011000110001110101110110 | O10: {=INDIRECT("'"&H10&"'!C64") & INDIRECT("'"&H10&"'!C65") & INDIRECT("'"&H10&"'!C66") & INDIRECT("'"&H10&"'!C67") & INDIRECT("'"&H10&"'!C68") & INDIRECT("'"&H10&"'!C69")} -> B1F347631D76
H11: K11 | I11: ='K11'!$D$61 -> 001000010101111111000011000011011000100110111110 | O11: {=INDIRECT("'"&H11&"'!C64") & INDIRECT("'"&H11&"'!C65") & INDIRECT("'"&H11&"'!C66") & INDIRECT("'"&H11&"'!C67") & INDIRECT("'"&H11&"'!C68") & INDIRECT("'"&H11&"'!C69")} -> 215FC30D89BE
H12: K12 | I12: ='K12'!$D$61 -> 011100010111000111110101010001010101110011010101 | O12: {=INDIRECT("'"&H12&"'!C64") & INDIRECT("'"&H12&"'!C65") & INDIRECT("'"&H12&"'!C66") & INDIRECT("'"&H12&"'!C67") & INDIRECT("'"&H12&"'!C68") & INDIRECT("'"&H12&"'!C69")} -> 7171F5455CD5
H13: K13 | I13: ='K13'!$D$61 -> 100101011100010111010001010010111000000011111101 | O13: {=INDIRECT("'"&H13&"'!C64") & INDIRECT("'"&H13&"'!C65") & INDIRECT("'"&H13&"'!C66") & INDIRECT("'"&H13&"'!C67") & INDIRECT("'"&H13&"'!C68") & INDIRECT("'"&H13&"'!C69")} -> 95C5D14B80FD
H14: K14 | I14: ='K14'!$D$61 -> 010101110100001110110111100000111101110110001101 | O14: {=INDIRECT("'"&H14&"'!C64") & INDIRECT("'"&H14&"'!C65") & INDIRECT("'"&H14&"'!C66") & INDIRECT("'"&H14&"'!C67") & INDIRECT("'"&H14&"'!C68") & INDIRECT("'"&H14&"'!C69")} -> 5743B783DD8D
H15: K15 | I15: ='K15'!$D$61 -> 101111111001000110000101000010100001011110110101 | O15: {=INDIRECT("'"&H15&"'!C64") & INDIRECT("'"&H15&"'!C65") & INDIRECT("'"&H15&"'!C66") & INDIRECT("'"&H15&"'!C67") & INDIRECT("'"&H15&"'!C68") & INDIRECT("'"&H15&"'!C69")} -> BF91850A17B5
H16: K16 | I16: ='K16'!$D$61 -> 110010110011110100001011101111000111000001110010 | O16: {=INDIRECT("'"&H16&"'!C64") & INDIRECT("'"&H16&"'!C65") & INDIRECT("'"&H16&"'!C66") & INDIRECT("'"&H16&"'!C67") & INDIRECT("'"&H16&"'!C68") & INDIRECT("'"&H16&"'!C69")} -> CB3D0BBC7072
H18: f(R0,K1) | I18: ='f(R0,K1)'!B129 -> 10010111110100010110000110011010 | O18: {=INDIRECT("'"&H18&"'!C132") & INDIRECT("'"&H18&"'!C133") & INDIRECT("'"&H18&"'!C134") & INDIRECT("'"&H18&"'!C135")} -> 97D1619A
H19: f(R1,K2) | I19: {=INDIRECT("'" & H19 & "'!B145")} -> 10001000010010001000110100001011 | O19: {=INDIRECT("'"&H19&"'!C148") & INDIRECT("'"&H19&"'!C149") & INDIRECT("'"&H19&"'!C150") & INDIRECT("'"&H19&"'!C151")} -> 88488D0B
H20: f(R2,K3) | I20: {=INDIRECT("'" & H20 & "'!B145")} -> 11011010001110110010011010010010 | O20: {=INDIRECT("'"&H20&"'!C148") & INDIRECT("'"&H20&"'!C149") & INDIRECT("'"&H20&"'!C150") & INDIRECT("'"&H20&"'!C151")} -> DA3B2692
H21: f(R3,K4) | I21: {=INDIRECT("'" & H21 & "'!B145")} -> 11110100010010010101000010110010 | O21: {=INDIRECT("'"&H21&"'!C148") & INDIRECT("'"&H21&"'!C149") & INDIRECT("'"&H21&"'!C150") & INDIRECT("'"&H21&"'!C151")} -> F44950B2
H22: f(R4,K5) | I22: {=INDIRECT("'" & H22 & "'!B145")} -> 11011000001100100011011111111101 | O22: {=INDIRECT("'"&H22&"'!C148") & INDIRECT("'"&H22&"'!C149") & INDIRECT("'"&H22&"'!C150") & INDIRECT("'"&H22&"'!C151")} -> D83237FD
H23: f(R5,K6) | I23: {=INDIRECT("'" & H23 & "'!B145")} -> 10101111110001000011101100100101 | O23: {=INDIRECT("'"&H23&"'!C148") & INDIRECT("'"&H23&"'!C149") & INDIRECT("'"&H23&"'!C150") & INDIRECT("'"&H23&"'!C151")} -> AFC43B25
H24: f(R6,K7) | I24: {=INDIRECT("'" & H24 & "'!B145")} -> 01001110010100010010001110100010 | O24: {=INDIRECT("'"&H24&"'!C148") & INDIRECT("'"&H24&"'!C149") & INDIRECT("'"&H24&"'!C150") & INDIRECT("'"&H24&"'!C151")} -> 4E5123A2
H25: f(R7,K8) | I25: {=INDIRECT("'" & H25 & "'!B145")} -> 01101100111111011110110010111000 | O25: {=INDIRECT("'"&H25&"'!C148") & INDIRECT("'"&H25&"'!C149") & INDIRECT("'"&H25&"'!C150") & INDIRECT("'"&H25&"'!C151")} -> 6CFDECB8
H26: f(R8,K9) | I26: {=INDIRECT("'" & H26 & "'!B145")} -> 11111011000001100000000010110001 | O26: {=INDIRECT("'"&H26&"'!C148") & INDIRECT("'"&H26&"'!C149") & INDIRECT("'"&H26&"'!C150") & INDIRECT("'"&H26&"'!C151")} -> FB0600B1
H27: f(R9,K10) | I27: {=INDIRECT("'" & H27 & "'!B145")} -> 11010101000101010000100011100100 | O27: {=INDIRECT("'"&H27&"'!C148") & INDIRECT("'"&H27&"'!C149") & INDIRECT("'"&H27&"'!C150") & INDIRECT("'"&H27&"'!C151")} -> D51508E4
H28: f(R10,K11) | I28: {=INDIRECT("'" & H28 & "'!B145")} -> 11111100111101100111000101000110 | O28: {=INDIRECT("'"&H28&"'!C148") & INDIRECT("'"&H28&"'!C149") & INDIRECT("'"&H28&"'!C150") & INDIRECT("'"&H28&"'!C151")} -> FCF67146
H29: f(R11,K12) | I29: {=INDIRECT("'" & H29 & "'!B145")} -> 01110000010011111010001110100101 | O29: {=INDIRECT("'"&H29&"'!C148") & INDIRECT("'"&H29&"'!C149") & INDIRECT("'"&H29&"'!C150") & INDIRECT("'"&H29&"'!C151")} -> 704FA3A5
H30: f(R12,K13) | I30: {=INDIRECT("'" & H30 & "'!B145")} -> 01111011111111100010100000000110 | O30: {=INDIRECT("'"&H30&"'!C148") & INDIRECT("'"&H30&"'!C149") & INDIRECT("'"&H30&"'!C150") & INDIRECT("'"&H30&"'!C151")} -> 7BFE2806
... H33: f(R15,K16) | I33: {=INDIRECT("'" & H33 & "'!B145")} -> 11001011111101010010010100101101 | O33: {=INDIRECT("'"&H33&"'!C148") & INDIRECT("'"&H33&"'!C149") & INDIRECT("'"&H33&"'!C150") & INDIRECT("'"&H33&"'!C151")} -> CBF5252D

Sheet Constanst
A1: PC1 | D1: PC2 | G1: IP | J1: E | W1: P | Z1: IP-1
A2: STT | B2: Vị trí | D2: STT | E2: Vị trí | G2: STT | H2: Vị trí | J2: STT | K2: Vị trí | M2: Chỉ số | N2: S1 | O2: S2 | P2: S3 | Q2: S4 | R2: S5 | S2: S6 | T2: S7 | U2: S8 | W2: STT | X2: Vị trí | Z2: STT | AA2: Vị trí
A3: 1 | B3: 57 | D3: 1 | E3: 14 | G3: 1 | H3: 58 | J3: 1 | K3: 32 | M3: 0 | N3: 14 | O3: 15 | P3: 10 | Q3: 7 | R3: 2 | S3: 12 | T3: 4 | U3: 13 | W3: 1 | X3: 16 | Z3: 1 | AA3: 40
A4: 2 | B4: 49 | D4: 2 | E4: 17 | G4: 2 | H4: 50 | J4: 2 | K4: 1 | M4: 1 | N4: 4 | O4: 1 | P4: 0 | Q4: 13 | R4: 12 | S4: 1 | T4: 11 | U4: 2 | W4: 2 | X4: 7 | Z4: 2 | AA4: 8
A5: 3 | B5: 41 | D5: 3 | E5: 11 | G5: 3 | H5: 42 | J5: 3 | K5: 2 | M5: 2 | N5: 13 | O5: 8 | P5: 9 | Q5: 14 | R5: 4 | S5: 10 | T5: 2 | U5: 8 | W5: 3 | X5: 20 | Z5: 3 | AA5: 48
A6: 4 | B6: 33 | D6: 4 | E6: 24 | G6: 4 | H6: 34 | J6: 4 | K6: 3 | M6: 3 | N6: 1 | O6: 14 | P6: 14 | Q6: 3 | R6: 1 | S6: 15 | T6: 14 | U6: 4 | W6: 4 | X6: 21 | Z6: 4 | AA6: 16
A7: 5 | B7: 25 | D7: 5 | E7: 1 | G7: 5 | H7: 26 | J7: 5 | K7: 4 | M7: 4 | N7: 2 | O7: 6 | P7: 6 | Q7: 0 | R7: 7 | S7: 9 | T7: 15 | U7: 6 | W7: 5 | X7: 29 | Z7: 5 | AA7: 56
A8: 6 | B8: 17 | D8: 6 | E8: 5 | G8: 6 | H8: 18 | J8: 6 | K8: 5 | M8: 5 | N8: 15 | O8: 11 | P8: 3 | Q8: 6 | R8: 10 | S8: 2 | T8: 0 | U8: 15 | W8: 6 | X8: 12 | Z8: 6 | AA8: 24
A9: 7 | B9: 9 | D9: 7 | E9: 3 | G9: 7 | H9: 10 | J9: 7 | K9: 4 | M9: 6 | N9: 11 | O9: 3 | P9: 15 | Q9: 9 | R9: 11 | S9: 6 | T9: 8 | U9: 11 | W9: 7 | X9: 28 | Z9: 7 | AA9: 64
A10: 8 | B10: 1 | D10: 8 | E10: 28 | G10: 8 | H10: 2 | J10: 8 | K10: 5 | M10: 7 | N10: 8 | O10: 4 | P10: 5 | Q10: 10 | R10: 6 | S10: 8 | T10: 13 | U10: 1 | W10: 8 | X10: 17 | Z10: 8 | AA10: 32
A11: 9 | B11: 58 | D11: 9 | E11: 15 | G11: 9 | H11: 60 | J11: 9 | K11: 6 | M11: 8 | N11: 3 | O11: 9 | P11: 1 | Q11: 1 | R11: 8 | S11: 0 | T11: 3 | U11: 10 | W11: 9 | X11: 1 | Z11: 9 | AA11: 39
A12: 10 | B12: 50 | D12: 10 | E12: 6 | G12: 10 | H12: 52 | J12: 10 | K12: 7 | M12: 9 | N12: 10 | O12: 7 | P12: 13 | Q12: 2 | R12: 5 | S12: 13 | T12: 12 | U12: 9 | W12: 10 | X12: 15 | Z12: 10 | AA12: 7
A13: 11 | B13: 42 | D13: 11 | E13: 21 | G13: 11 | H13: 44 | J13: 11 | K13: 8 | M13: 10 | N13: 6 | O13: 2 | P13: 12 | Q13: 8 | R13: 3 | S13: 3 | T13: 9 | U13: 3 | W13: 11 | X13: 23 | Z13: 11 | AA13: 47
A14: 12 | B14: 34 | D14: 12 | E14: 10 | G14: 12 | H14: 36 | J14: 12 | K14: 9 | M14: 11 | N14: 12 | O14: 13 | P14: 7 | Q14: 5 | R14: 15 | S14: 4 | T14: 7 | U14: 14 | W14: 12 | X14: 26 | Z14: 12 | AA14: 15
... A34: 32 | B34: 39 | D34: 32 | E34: 40 | G34: 32 | H34: 8 | J34: 32 | K34: 21 | M34: 31 | N34: 8 | O34: 5 | P34: 1 | Q34: 9 | R34: 6 | S34: 8 | T34: 6 | U34: 2 | W34: 32 | X34: 25 | Z34: 32 | AA34: 29
A35: 33 | B35: 31 | D35: 33 | E35: 51 | G35: 33 | H35: 57 | J35: 33 | K35: 22 | M35: 32 | N35: 4 | O35: 0 | P35: 13 | Q35: 10 | R35: 4 | S35: 9 | T35: 1 | U35: 7 | Z35: 33 | AA35: 36
A36: 34 | B36: 23 | D36: 34 | E36: 45 | G36: 34 | H36: 49 | J36: 34 | K36: 23 | M36: 33 | N36: 1 | O36: 14 | P36: 6 | Q36: 6 | R36: 2 | S36: 14 | T36: 4 | U36: 11 | Z36: 34 | AA36: 4
A37: 35 | B37: 15 | D37: 35 | E37: 33 | G37: 35 | H37: 41 | J37: 35 | K37: 24 | M37: 34 | N37: 14 | O37: 7 | P37: 4 | Q37: 9 | R37: 1 | S37: 15 | T37: 11 | U37: 4 | Z37: 35 | AA37: 44
A38: 36 | B38: 7 | D38: 36 | E38: 48 | G38: 36 | H38: 33 | J38: 36 | K38: 25 | M38: 35 | N38: 8 | O38: 11 | P38: 9 | Q38: 0 | R38: 11 | S38: 5 | T38: 13 | U38: 1 | Z38: 36 | AA38: 12
A39: 37 | B39: 62 | D39: 37 | E39: 44 | G39: 37 | H39: 25 | J39: 37 | K39: 24 | M39: 36 | N39: 13 | O39: 10 | P39: 8 | Q39: 12 | R39: 10 | S39: 2 | T39: 12 | U39: 9 | Z39: 37 | AA39: 52
A40: 38 | B40: 54 | D40: 38 | E40: 49 | G40: 38 | H40: 17 | J40: 38 | K40: 25 | M40: 37 | N40: 6 | O40: 4 | P40: 15 | Q40: 11 | R40: 13 | S40: 8 | T40: 3 | U40: 12 | Z40: 38 | AA40: 20
A41: 39 | B41: 46 | D41: 39 | E41: 39 | G41: 39 | H41: 9 | J41: 39 | K41: 26 | M41: 38 | N41: 2 | O41: 13 | P41: 3 | Q41: 7 | R41: 7 | S41: 12 | T41: 7 | U41: 14 | Z41: 39 | AA41: 60
A42: 40 | B42: 38 | D42: 40 | E42: 56 | G42: 40 | H42: 1 | J42: 40 | K42: 27 | M42: 39 | N42: 11 | O42: 1 | P42: 0 | Q42: 13 | R42: 8 | S42: 3 | T42: 14 | U42: 2 | Z42: 40 | AA42: 28
A43: 41 | B43: 30 | D43: 41 | E43: 34 | G43: 41 | H43: 59 | J43: 41 | K43: 28 | M43: 40 | N43: 15 | O43: 5 | P43: 11 | Q43: 15 | R43: 15 | S43: 7 | T43: 10 | U43: 0 | Z43: 41 | AA43: 35
A44: 42 | B44: 22 | D44: 42 | E44: 53 | G44: 42 | H44: 51 | J44: 42 | K44: 29 | M44: 41 | N44: 12 | O44: 8 | P44: 1 | Q44: 1 | R44: 9 | S44: 0 | T44: 15 | U44: 6 | Z44: 42 | AA44: 3
A45: 43 | B45: 14 | D45: 43 | E45: 46 | G45: 43 | H45: 43 | J45: 43 | K45: 28 | M45: 42 | N45: 9 | O45: 12 | P45: 2 | Q45: 3 | R45: 12 | S45: 4 | T45: 6 | U45: 10 | Z45: 43 | AA45: 43
A46: 44 | B46: 6 | D46: 44 | E46: 42 | G46: 44 | H46: 35 | J46: 44 | K46: 29 | M46: 43 | N46: 7 | O46: 6 | P46: 12 | Q46: 14 | R46: 5 | S46: 10 | T46: 8 | U46: 13 | Z46: 44 | AA46: 11
... A50: 48 | B50: 37 | D50: 48 | E50: 32 | G50: 48 | H50: 3 | J50: 48 | K50: 1 | M50: 47 | N50: 0 | O50: 15 | P50: 7 | Q50: 4 | R50: 14 | S50: 6 | T50: 2 | U50: 8 | Z50: 48 | AA50: 27
A51: 49 | B51: 29 | G51: 49 | H51: 61 | M51: 48 | N51: 15 | O51: 13 | P51: 1 | Q51: 3 | R51: 11 | S51: 4 | T51: 6 | U51: 2 | Z51: 49 | AA51: 34
A52: 50 | B52: 21 | G52: 50 | H52: 53 | M52: 49 | N52: 12 | O52: 8 | P52: 10 | Q52: 15 | R52: 8 | S52: 3 | T52: 11 | U52: 1 | Z52: 50 | AA52: 2
A53: 51 | B53: 13 | G53: 51 | H53: 45 | M53: 50 | N53: 8 | O53: 10 | P53: 13 | Q53: 0 | R53: 12 | S53: 2 | T53: 13 | U53: 14 | Z53: 51 | AA53: 42
A54: 52 | B54: 5 | G54: 52 | H54: 37 | M54: 51 | N54: 2 | O54: 1 | P54: 0 | Q54: 6 | R54: 7 | S54: 12 | T54: 8 | U54: 7 | Z54: 52 | AA54: 10
A55: 53 | B55: 28 | G55: 53 | H55: 29 | M55: 52 | N55: 4 | O55: 3 | P55: 6 | Q55: 10 | R55: 1 | S55: 9 | T55: 1 | U55: 4 | Z55: 53 | AA55: 50
A56: 54 | B56: 20 | G56: 54 | H56: 21 | M56: 53 | N56: 9 | O56: 15 | P56: 9 | Q56: 1 | R56: 14 | S56: 5 | T56: 4 | U56: 10 | Z56: 54 | AA56: 18
A57: 55 | B57: 12 | G57: 55 | H57: 13 | M57: 54 | N57: 1 | O57: 4 | P57: 8 | Q57: 13 | R57: 2 | S57: 15 | T57: 10 | U57: 8 | Z57: 55 | AA57: 58
A58: 56 | B58: 4 | G58: 56 | H58: 5 | M58: 55 | N58: 7 | O58: 2 | P58: 7 | Q58: 8 | R58: 13 | S58: 10 | T58: 7 | U58: 13 | Z58: 56 | AA58: 26
G59: 57 | H59: 63 | M59: 56 | N59: 5 | O59: 11 | P59: 4 | Q59: 9 | R59: 6 | S59: 11 | T59: 9 | U59: 15 | Z59: 57 | AA59: 33
G60: 58 | H60: 55 | M60: 57 | N60: 11 | O60: 6 | P60: 15 | Q60: 4 | R60: 15 | S60: 14 | T60: 5 | U60: 12 | Z60: 58 | AA60: 1
G61: 59 | H61: 47 | M61: 58 | N61: 3 | O61: 7 | P61: 14 | Q61: 5 | R61: 0 | S61: 1 | T61: 0 | U61: 9 | Z61: 59 | AA61: 41
G62: 60 | H62: 39 | M62: 59 | N62: 14 | O62: 12 | P62: 3 | Q62: 11 | R62: 9 | S62: 7 | T62: 15 | U62: 0 | Z62: 60 | AA62: 9
G63: 61 | H63: 31 | M63: 60 | N63: 10 | O63: 0 | P63: 11 | Q63: 12 | R63: 10 | S63: 6 | T63: 14 | U63: 3 | Z63: 61 | AA63: 49
G64: 62 | H64: 23 | M64: 61 | N64: 0 | O64: 5 | P64: 5 | Q64: 7 | R64: 4 | S64: 0 | T64: 2 | U64: 5 | Z64: 62 | AA64: 17
G65: 63 | H65: 15 | M65: 62 | N65: 6 | O65: 14 | P65: 2 | Q65: 2 | R65: 5 | S65: 8 | T65: 3 | U65: 6 | Z65: 63 | AA65: 57
G66: 64 | H66: 7 | M66: 63 | N66: 13 | O66: 9 | P66: 12 | Q66: 14 | R66: 3 | S66: 13 | T66: 12 | U66: 11 | Z66: 64 | AA66: 25

Sheet PC1
A1: Khoa K = | B1: =Input!B1 -> 0133457799bbcdff | L1: Bản rõ | M1: =Input!B2 -> 00123456789abcde
A2: vi tri | B2: ki tu hexan | C2: binary | L2: vi tri | M2: ki tu hexan | N2: binary
A3: 1 | B3: =MID($B$1,A3,1) -> 0 | C3: =HEX2BIN(B3,4) -> 0000 | D3: =C3&D4 -> 0000000100110011010001010111011110011001101110111100110111111111 | L3: 1 | M3: =MID($M$1,L3,1) -> 0 | N3: =HEX2BIN(M3,4) -> 0000 | O3: =N3&O4 -> 0000000000010010001101000101011001111000100110101011110011011110
A4: 2 | B4: =MID($B$1,A4,1) -> 1 | C4: =HEX2BIN(B4,4) -> 0001 | D4: =C4&D5 -> 000100110011010001010111011110011001101110111100110111111111 | L4: 2 | M4: =MID($M$1,L4,1) -> 0 | N4: =HEX2BIN(M4,4) -> 0000 | O4: =N4&O5 -> 000000010010001101000101011001111000100110101011110011011110
A5: 3 | B5: =MID($B$1,A5,1) -> 3 | C5: =HEX2BIN(B5,4) -> 0011 | D5: =C5&D6 -> 00110011010001010111011110011001101110111100110111111111 | L5: 3 | M5: =MID($M$1,L5,1) -> 1 | N5: =HEX2BIN(M5,4) -> 0001 | O5: =N5&O6 -> 00010010001101000101011001111000100110101011110011011110
A6: 4 | B6: =MID($B$1,A6,1) -> 3 | C6: =HEX2BIN(B6,4) -> 0011 | D6: =C6&D7 -> 0011010001010111011110011001101110111100110111111111 | L6: 4 | M6: =MID($M$1,L6,1) -> 2 | N6: =HEX2BIN(M6,4) -> 0010 | O6: =N6&O7 -> 0010001101000101011001111000100110101011110011011110
A7: 5 | B7: =MID($B$1,A7,1) -> 4 | C7: =HEX2BIN(B7,4) -> 0100 | D7: =C7&D8 -> 010001010111011110011001101110111100110111111111 | L7: 5 | M7: =MID($M$1,L7,1) -> 3 | N7: =HEX2BIN(M7,4) -> 0011 | O7: =N7&O8 -> 001101000101011001111000100110101011110011011110
A8: 6 | B8: =MID($B$1,A8,1) -> 5 | C8: =HEX2BIN(B8,4) -> 0101 | D8: =C8&D9 -> 01010111011110011001101110111100110111111111 | L8: 6 | M8: =MID($M$1,L8,1) -> 4 | N8: =HEX2BIN(M8,4) -> 0100 | O8: =N8&O9 -> 01000101011001111000100110101011110011011110
A9: 7 | B9: =MID($B$1,A9,1) -> 7 | C9: =HEX2BIN(B9,4) -> 0111 | D9: =C9&D10 -> 0111011110011001101110111100110111111111 | L9: 7 | M9: =MID($M$1,L9,1) -> 5 | N9: =HEX2BIN(M9,4) -> 0101 | O9: =N9&O10 -> 0101011001111000100110101011110011011110
A10: 8 | B10: =MID($B$1,A10,1) -> 7 | C10: =HEX2BIN(B10,4) -> 0111 | D10: =C10&D11 -> 011110011001101110111100110111111111 | L10: 8 | M10: =MID($M$1,L10,1) -> 6 | N10: =HEX2BIN(M10,4) -> 0110 | O10: =N10&O11 -> 011001111000100110101011110011011110
A11: 9 | B11: =MID($B$1,A11,1) -> 9 | C11: =HEX2BIN(B11,4) -> 1001 | D11: =C11&D12 -> 10011001101110111100110111111111 | L11: 9 | M11: =MID($M$1,L11,1) -> 7 | N11: =HEX2BIN(M11,4) -> 0111 | O11: =N11&O12 -> 01111000100110101011110011011110
A12: 10 | B12: =MID($B$1,A12,1) -> 9 | C12: =HEX2BIN(B12,4) -> 1001 | D12: =C12&D13 -> 1001101110111100110111111111 | L12: 10 | M12: =MID($M$1,L12,1) -> 8 | N12: =HEX2BIN(M12,4) -> 1000 | O12: =N12&O13 -> 1000100110101011110011011110
A13: 11 | B13: =MID($B$1,A13,1) -> b | C13: =HEX2BIN(B13,4) -> 1011 | D13: =C13&D14 -> 101110111100110111111111 | L13: 11 | M13: =MID($M$1,L13,1) -> 9 | N13: =HEX2BIN(M13,4) -> 1001 | O13: =N13&O14 -> 100110101011110011011110
A14: 12 | B14: =MID($B$1,A14,1) -> b | C14: =HEX2BIN(B14,4) -> 1011 | D14: =C14&D15 -> 10111100110111111111 | L14: 12 | M14: =MID($M$1,L14,1) -> a | N14: =HEX2BIN(M14,4) -> 1010 | O14: =N14&O15 -> 10101011110011011110
... A16: 14 | B16: =MID($B$1,A16,1) -> d | C16: =HEX2BIN(B16,4) -> 1101 | D16: =C16&D17 -> 110111111111 | L16: 14 | M16: =MID($M$1,L16,1) -> c | N16: =HEX2BIN(M16,4) -> 1100 | O16: =N16&O17 -> 110011011110
A17: 15 | B17: =MID($B$1,A17,1) -> f | C17: =HEX2BIN(B17,4) -> 1111 | D17: =C17&C18 -> 11111111 | L17: 15 | M17: =MID($M$1,L17,1) -> d | N17: =HEX2BIN(M17,4) -> 1101 | O17: =N17&N18 -> 11011110
A18: 16 | B18: =MID($B$1,A18,1) -> f | C18: =HEX2BIN(B18,4) -> 1111 | L18: 16 | M18: =MID($M$1,L18,1) -> e | N18: =HEX2BIN(M18,4) -> 1110
A20: PC1 | B20: =B22 -> 11110000110011001010101010111010101011001100111100001010 | H20: byte | I20: byte | J20: hexan
A21: bit i | H21: 1 | I21: =MID($B$20,(H21-1)*8+1, 8) -> 11110000 | J21: =BIN2HEX(I21,2) -> F0
A22: =MID($D$3, Constanst!B3, 1) -> 1 | B22: =A22&B23 -> 11110000110011001010101010111010101011001100111100001010 | H22: 2 | I22: =MID($B$20,(H22-1)*8+1, 8) -> 11001100 | J22: =BIN2HEX(I22,2) -> CC
A23: =MID($D$3, Constanst!B4, 1) -> 1 | B23: =A23&B24 -> 1110000110011001010101010111010101011001100111100001010 | H23: 3 | I23: =MID($B$20,(H23-1)*8+1, 8) -> 10101010 | J23: =BIN2HEX(I23,2) -> AA
A24: =MID($D$3, Constanst!B5, 1) -> 1 | B24: =A24&B25 -> 110000110011001010101010111010101011001100111100001010 | H24: 4 | I24: =MID($B$20,(H24-1)*8+1, 8) -> 10111010 | J24: =BIN2HEX(I24,2) -> BA
A25: =MID($D$3, Constanst!B6, 1) -> 1 | B25: =A25&B26 -> 10000110011001010101010111010101011001100111100001010 | H25: 5 | I25: =MID($B$20,(H25-1)*8+1, 8) -> 10101100 | J25: =BIN2HEX(I25,2) -> AC
A26: =MID($D$3, Constanst!B7, 1) -> 0 | B26: =A26&B27 -> 0000110011001010101010111010101011001100111100001010 | H26: 6 | I26: =MID($B$20,(H26-1)*8+1, 8) -> 11001111 | J26: =BIN2HEX(I26,2) -> CF
A27: =MID($D$3, Constanst!B8, 1) -> 0 | B27: =A27&B28 -> 000110011001010101010111010101011001100111100001010 | H27: 7 | I27: =MID($B$20,(H27-1)*8+1, 8) -> 00001010 | J27: =BIN2HEX(I27,2) -> 0A
A28: =MID($D$3, Constanst!B9, 1) -> 0 | B28: =A28&B29 -> 00110011001010101010111010101011001100111100001010
A29: =MID($D$3, Constanst!B10, 1) -> 0 | B29: =A29&B30 -> 0110011001010101010111010101011001100111100001010
A30: =MID($D$3, Constanst!B11, 1) -> 1 | B30: =A30&B31 -> 110011001010101010111010101011001100111100001010
A31: =MID($D$3, Constanst!B12, 1) -> 1 | B31: =A31&B32 -> 10011001010101010111010101011001100111100001010
A32: =MID($D$3, Constanst!B13, 1) -> 0 | B32: =A32&B33 -> 0011001010101010111010101011001100111100001010
A33: =MID($D$3, Constanst!B14, 1) -> 0 | B33: =A33&B34 -> 011001010101010111010101011001100111100001010
A34: =MID($D$3, Constanst!B15, 1) -> 1 | B34: =A34&B35 -> 11001010101010111010101011001100111100001010
A35: =MID($D$3, Constanst!B16, 1) -> 1 | B35: =A35&B36 -> 1001010101010111010101011001100111100001010
A36: =MID($D$3, Constanst!B17, 1) -> 0 | B36: =A36&B37 -> 001010101010111010101011001100111100001010
A37: =MID($D$3, Constanst!B18, 1) -> 0 | B37: =A37&B38 -> 01010101010111010101011001100111100001010
A38: =MID($D$3, Constanst!B19, 1) -> 1 | B38: =A38&B39 -> 1010101010111010101011001100111100001010
A39: =MID($D$3, Constanst!B20, 1) -> 0 | B39: =A39&B40 -> 010101010111010101011001100111100001010
... A75: =MID($D$3, Constanst!B56, 1) -> 0 | B75: =A75&B76 -> 010
A76: =MID($D$3, Constanst!B57, 1) -> 1 | B76: =A76&A77 -> 10
A77: =MID($D$3, Constanst!B58, 1) -> 0

Sheet IP(M)
A2: byte | B2: byte | C2: hexan
A3: 1 | B3: =MID('f(R0,K1)'!$D$1,(A3-1)*8+1, 8) -> 00011011 | C3: =BIN2HEX(B3,2) -> 1B
A4: 2 | B4: =MID('f(R0,K1)'!$D$1,(A4-1)*8+1, 8) -> 00000010 | C4: =BIN2HEX(B4,2) -> 02
A5: 3 | B5: =MID('f(R0,K1)'!$D$1,(A5-1)*8+1, 8) -> 11101111 | C5: =BIN2HEX(B5,2) -> EF
A6: 4 | B6: =MID('f(R0,K1)'!$D$1,(A6-1)*8+1, 8) -> 11011011 | C6: =BIN2HEX(B6,2) -> DB
A7: 5 | B7: =MID('f(R0,K1)'!$D$1,(A7-1)*8+1, 8) -> 01001001 | C7: =BIN2HEX(B7,2) -> 49
A8: 6 | B8: =MID('f(R0,K1)'!$D$1,(A8-1)*8+1, 8) -> 10100101 | C8: =BIN2HEX(B8,2) -> A5
A10: input= | B10: =Input!B2 -> 00123456789abcde | D10: ='PC1'!O3 -> 0000000000010010001101000101011001111000100110101011110011011110
A12: vi tri | B12: ki tu hexan | C12: binary
A13: 1 | B13: =MID($B$10,A13,1) -> 0 | C13: =HEX2BIN(B13,4) -> 0000 | D13: =C13&D14 -> 0000000000010010001101000101011001111000100110101011110011011110
A14: 2 | B14: =MID($B$10,A14,1) -> 0 | C14: =HEX2BIN(B14,4) -> 0000 | D14: =C14&D15 -> 000000010010001101000101011001111000100110101011110011011110
A15: 3 | B15: =MID($B$10,A15,1) -> 1 | C15: =HEX2BIN(B15,4) -> 0001 | D15: =C15&D16 -> 00010010001101000101011001111000100110101011110011011110
A16: 4 | B16: =MID($B$10,A16,1) -> 2 | C16: =HEX2BIN(B16,4) -> 0010 | D16: =C16&D17 -> 0010001101000101011001111000100110101011110011011110
A17: 5 | B17: =MID($B$10,A17,1) -> 3 | C17: =HEX2BIN(B17,4) -> 0011 | D17: =C17&D18 -> 001101000101011001111000100110101011110011011110
A18: 6 | B18: =MID($B$10,A18,1) -> 4 | C18: =HEX2BIN(B18,4) -> 0100 | D18: =C18&D19 -> 01000101011001111000100110101011110011011110
A19: 7 | B19: =MID($B$10,A19,1) -> 5 | C19: =HEX2BIN(B19,4) -> 0101 | D19: =C19&D20 -> 0101011001111000100110101011110011011110
A20: 8 | B20: =MID($B$10,A20,1) -> 6 | C20: =HEX2BIN(B20,4) -> 0110 | D20: =C20&D21 -> 011001111000100110101011110011011110
A21: 9 | B21: =MID($B$10,A21,1) -> 7 | C21: =HEX2BIN(B21,4) -> 0111 | D21: =C21&D22 -> 01111000100110101011110011011110
A22: 10 | B22: =MID($B$10,A22,1) -> 8 | C22: =HEX2BIN(B22,4) -> 1000 | D22: =C22&D23 -> 1000100110101011110011011110
A23: 11 | B23: =MID($B$10,A23,1) -> 9 | C23: =HEX2BIN(B23,4) -> 1001 | D23: =C23&D24 -> 100110101011110011011110
A24: 12 | B24: =MID($B$10,A24,1) -> a | C24: =HEX2BIN(B24,4) -> 1010 | D24: =C24&D25 -> 10101011110011011110
... A26: 14 | B26: =MID($B$10,A26,1) -> c | C26: =HEX2BIN(B26,4) -> 1100 | D26: =C26&D27 -> 110011011110
A27: 15 | B27: =MID($B$10,A27,1) -> d | C27: =HEX2BIN(B27,4) -> 1101 | D27: =C27&C28 -> 11011110
A28: 16 | B28: =MID($B$10,A28,1) -> e | C28: =HEX2BIN(B28,4) -> 1110
A30: bit
A31: =MID($D$10,Constanst!H3,1) -> 1 | B31: =A31&B32 -> 1001100011111110110011000000000011100000010101001111000010101010
A32: =MID($D$10,Constanst!H4,1) -> 0 | B32: =A32&B33 -> 001100011111110110011000000000011100000010101001111000010101010
A33: =MID($D$10,Constanst!H5,1) -> 0 | B33: =A33&B34 -> 01100011111110110011000000000011100000010101001111000010101010
A34: =MID($D$10,Constanst!H6,1) -> 1 | B34: =A34&B35 -> 1100011111110110011000000000011100000010101001111000010101010
A35: =MID($D$10,Constanst!H7,1) -> 1 | B35: =A35&B36 -> 100011111110110011000000000011100000010101001111000010101010
A36: =MID($D$10,Constanst!H8,1) -> 0 | B36: =A36&B37 -> 00011111110110011000000000011100000010101001111000010101010
A37: =MID($D$10,Constanst!H9,1) -> 0 | B37: =A37&B38 -> 0011111110110011000000000011100000010101001111000010101010
A38: =MID($D$10,Constanst!H10,1) -> 0 | B38: =A38&B39 -> 011111110110011000000000011100000010101001111000010101010
A39: =MID($D$10,Constanst!H11,1) -> 1 | B39: =A39&B40 -> 11111110110011000000000011100000010101001111000010101010
A40: =MID($D$10,Constanst!H12,1) -> 1 | B40: =A40&B41 -> 1111110110011000000000011100000010101001111000010101010
A41: =MID($D$10,Constanst!H13,1) -> 1 | B41: =A41&B42 -> 111110110011000000000011100000010101001111000010101010
A42: =MID($D$10,Constanst!H14,1) -> 1 | B42: =A42&B43 -> 11110110011000000000011100000010101001111000010101010
... A92: =MID($D$10,Constanst!H64,1) -> 0 | B92: =A92&B93 -> 010
A93: =MID($D$10,Constanst!H65,1) -> 1 | B93: =A93&A94 -> 10
A94: =MID($D$10,Constanst!H66,1) -> 0
B96: IP(M)= | C96: =B31 -> 1001100011111110110011000000000011100000010101001111000010101010
B98: byte | C98: byte | D98: hexan
B99: 1 | C99: =MID($C$96,(B99-1)*8+1, 8) -> 10011000 | D99: =BIN2HEX(C99,2) -> 98
B100: 2 | C100: =MID($C$96,(B100-1)*8+1, 8) -> 11111110 | D100: =BIN2HEX(C100,2) -> FE
B101: 3 | C101: =MID($C$96,(B101-1)*8+1, 8) -> 11001100 | D101: =BIN2HEX(C101,2) -> CC
B102: 4 | C102: =MID($C$96,(B102-1)*8+1, 8) -> 00000000 | D102: =BIN2HEX(C102,2) -> 00
B103: 5 | C103: =MID($C$96,(B103-1)*8+1, 8) -> 11100000 | D103: =BIN2HEX(C103,2) -> E0
B104: 6 | C104: =MID($C$96,(B104-1)*8+1, 8) -> 01010100 | D104: =BIN2HEX(C104,2) -> 54
B105: 7 | C105: =MID($C$96,(B105-1)*8+1, 8) -> 11110000 | D105: =BIN2HEX(C105,2) -> F0
B106: 8 | C106: =MID($C$96,(B106-1)*8+1, 8) -> 10101010 | D106: =BIN2HEX(C106,2) -> AA

Sheet f(R0,K1)
A1: K1= | D1: =Input!I1 -> 000110110000001011101111110110110100100110100101
F4: Nửa trái | G4: L0= | H4: =LEFT('IP(M)'!C96, 32) -> 10011000111111101100110000000000
F5: Nửa phải | G5: R0= | H5: =RIGHT('IP(M)'!C96, 32) -> 11100000010101001111000010101010
A7: Mở rộng R0 => E(R0) | D7: =B9 -> 011100000000001010101001011110100001010101010101
A8: bit
A9: =MID($H$5,Constanst!K3,1) -> 0 | B9: =A9&B10 -> 011100000000001010101001011110100001010101010101
A10: =MID($H$5,Constanst!K4,1) -> 1 | B10: =A10&B11 -> 11100000000001010101001011110100001010101010101
A11: =MID($H$5,Constanst!K5,1) -> 1 | B11: =A11&B12 -> 1100000000001010101001011110100001010101010101
A12: =MID($H$5,Constanst!K6,1) -> 1 | B12: =A12&B13 -> 100000000001010101001011110100001010101010101
A13: =MID($H$5,Constanst!K7,1) -> 0 | B13: =A13&B14 -> 00000000001010101001011110100001010101010101
A14: =MID($H$5,Constanst!K8,1) -> 0 | B14: =A14&B15 -> 0000000001010101001011110100001010101010101
A15: =MID($H$5,Constanst!K9,1) -> 0 | B15: =A15&B16 -> 000000001010101001011110100001010101010101
A16: =MID($H$5,Constanst!K10,1) -> 0 | B16: =A16&B17 -> 00000001010101001011110100001010101010101
A17: =MID($H$5,Constanst!K11,1) -> 0 | B17: =A17&B18 -> 0000001010101001011110100001010101010101
A18: =MID($H$5,Constanst!K12,1) -> 0 | B18: =A18&B19 -> 000001010101001011110100001010101010101
A19: =MID($H$5,Constanst!K13,1) -> 0 | B19: =A19&B20 -> 00001010101001011110100001010101010101
A20: =MID($H$5,Constanst!K14,1) -> 0 | B20: =A20&B21 -> 0001010101001011110100001010101010101
... A54: =MID($H$5,Constanst!K48,1) -> 1 | B54: =A54&B55 -> 101
A55: =MID($H$5,Constanst!K49,1) -> 0 | B55: =A55&A56 -> 01
A56: =MID($H$5,Constanst!K50,1) -> 1
A58: Thực hiện phép XOR A = E(R0) XOR K1
A59: byte | B59: byte | C59: hexan | D59: decimal | G59: byte | H59: byte | I59: hexan | J59: decimal
A60: 1 | B60: =MID($D$1,(A60-1)*8+1, 8) -> 00011011 | C60: =BIN2HEX(B60,2) -> 1B | D60: =BIN2DEC(B60) -> 27 | G60: 1 | H60: =MID($D$7,(G60-1)*8+1, 8) -> 01110000 | I60: =BIN2HEX(H60,2) -> 70 | J60: =BIN2DEC(H60) -> 112
A61: 2 | B61: =MID($D$1,(A61-1)*8+1, 8) -> 00000010 | C61: =BIN2HEX(B61,2) -> 02 | D61: =BIN2DEC(B61) -> 2 | G61: 2 | H61: =MID($D$7,(G61-1)*8+1, 8) -> 00000010 | I61: =BIN2HEX(H61,2) -> 02 | J61: =BIN2DEC(H61) -> 2
A62: 3 | B62: =MID($D$1,(A62-1)*8+1, 8) -> 11101111 | C62: =BIN2HEX(B62,2) -> EF | D62: =BIN2DEC(B62) -> 239 | G62: 3 | H62: =MID($D$7,(G62-1)*8+1, 8) -> 10101001 | I62: =BIN2HEX(H62,2) -> A9 | J62: =BIN2DEC(H62) -> 169
A63: 4 | B63: =MID($D$1,(A63-1)*8+1, 8) -> 11011011 | C63: =BIN2HEX(B63,2) -> DB | D63: =BIN2DEC(B63) -> 219 | G63: 4 | H63: =MID($D$7,(G63-1)*8+1, 8) -> 01111010 | I63: =BIN2HEX(H63,2) -> 7A | J63: =BIN2DEC(H63) -> 122
A64: 5 | B64: =MID($D$1,(A64-1)*8+1, 8) -> 01001001 | C64: =BIN2HEX(B64,2) -> 49 | D64: =BIN2DEC(B64) -> 73 | G64: 5 | H64: =MID($D$7,(G64-1)*8+1, 8) -> 00010101 | I64: =BIN2HEX(H64,2) -> 15 | J64: =BIN2DEC(H64) -> 21
A65: 6 | B65: =MID($D$1,(A65-1)*8+1, 8) -> 10100101 | C65: =BIN2HEX(B65,2) -> A5 | D65: =BIN2DEC(B65) -> 165 | G65: 6 | H65: =MID($D$7,(G65-1)*8+1, 8) -> 01010101 | I65: =BIN2HEX(H65,2) -> 55 | J65: =BIN2DEC(H65) -> 85
B67: Khóa K1 | H67: E(R0)
A69: Byte | B69: XOR(ER0, K1) | C69: Binary | D69: hexan
A70: 1 | B70: =BITXOR(D60,J60) -> 107 | C70: =DEC2BIN(B70,8) -> 01101011 | D70: =BIN2HEX(C70,2) -> 6B
A71: 2 | B71: =BITXOR(D61,J61) -> 0 | C71: =DEC2BIN(B71,8) -> 00000000 | D71: =BIN2HEX(C71,2) -> 00
A72: 3 | B72: =BITXOR(D62,J62) -> 70 | C72: =DEC2BIN(B72,8) -> 01000110 | D72: =BIN2HEX(C72,2) -> 46
A73: 4 | B73: =BITXOR(D63,J63) -> 161 | C73: =DEC2BIN(B73,8) -> 10100001 | D73: =BIN2HEX(C73,2) -> A1
A74: 5 | B74: =BITXOR(D64,J64) -> 92 | C74: =DEC2BIN(B74,8) -> 01011100 | D74: =BIN2HEX(C74,2) -> 5C
A75: 6 | B75: =BITXOR(D65,J65) -> 240 | C75: =DEC2BIN(B75,8) -> 11110000 | D75: =BIN2HEX(C75,2) -> F0
B77: A = ER0 XOR K1 = | D77: =C70&C71&C72&C73&C74&C75 -> 011010110000000001000110101000010101110011110000
A79: Thực hiện phép thế | E79: Hàng = bit đầu + bit cuối
E80: Cột = 4 bit giữa
A81: cặp 6 bit | C81: hàng | D81: cột | F81: Chỉ số mảng | G81: Tra bảng S
A82: 1 | B82: =MID($D$77, (A82-1)*6+1,6) -> 011010 | C82: =LEFT(B82,1)&(RIGHT(B82,1)) -> 00 | D82: =MID(B82,2,4) -> 1101 | E82: =C82&D82 -> 001101 | F82: =BIN2DEC(E82) -> 13 | G82: =VLOOKUP(F82,Constanst!$M$3:$U$66,2,TRUE) -> 9 | H82: =DEC2BIN(G82,4) -> 1001 | I82: =H82 -> 1001
A83: 2 | B83: =MID($D$77, (A83-1)*6+1,6) -> 110000 | C83: =LEFT(B83,1)&(RIGHT(B83,1)) -> 10 | D83: =MID(B83,2,4) -> 1000 | E83: =C83&D83 -> 101000 | F83: =BIN2DEC(E83) -> 40 | G83: =VLOOKUP(F83,Constanst!$M$3:$U$66,3,TRUE) -> 5 | H83: =DEC2BIN(G83,4) -> 0101 | I83: =I82&H83 -> 10010101
A84: 3 | B84: =MID($D$77, (A84-1)*6+1,6) -> 000001 | C84: =LEFT(B84,1)&(RIGHT(B84,1)) -> 01 | D84: =MID(B84,2,4) -> 0000 | E84: =C84&D84 -> 010000 | F84: =BIN2DEC(E84) -> 16 | G84: =VLOOKUP(F84,Constanst!$M$3:$U$66,4,TRUE) -> 13 | H84: =DEC2BIN(G84,4) -> 1101 | I84: =I83&H84 -> 100101011101
A85: 4 | B85: =MID($D$77, (A85-1)*6+1,6) -> 000110 | C85: =LEFT(B85,1)&(RIGHT(B85,1)) -> 00 | D85: =MID(B85,2,4) -> 0011 | E85: =C85&D85 -> 000011 | F85: =BIN2DEC(E85) -> 3 | G85: =VLOOKUP(F85,Constanst!$M$3:$U$66,5,TRUE) -> 3 | H85: =DEC2BIN(G85,4) -> 0011 | I85: =I84&H85 -> 1001010111010011
A86: 5 | B86: =MID($D$77, (A86-1)*6+1,6) -> 101000 | C86: =LEFT(B86,1)&(RIGHT(B86,1)) -> 10 | D86: =MID(B86,2,4) -> 0100 | E86: =C86&D86 -> 100100 | F86: =BIN2DEC(E86) -> 36 | G86: =VLOOKUP(F86,Constanst!$M$3:$U$66,6,TRUE) -> 10 | H86: =DEC2BIN(G86,4) -> 1010 | I86: =I85&H86 -> 10010101110100111010
A87: 6 | B87: =MID($D$77, (A87-1)*6+1,6) -> 010101 | C87: =LEFT(B87,1)&(RIGHT(B87,1)) -> 01 | D87: =MID(B87,2,4) -> 1010 | E87: =C87&D87 -> 011010 | F87: =BIN2DEC(E87) -> 26 | G87: =VLOOKUP(F87,Constanst!$M$3:$U$66,7,TRUE) -> 13 | H87: =DEC2BIN(G87,4) -> 1101 | I87: =I86&H87 -> 100101011101001110101101
A88: 7 | B88: =MID($D$77, (A88-1)*6+1,6) -> 110011 | C88: =LEFT(B88,1)&(RIGHT(B88,1)) -> 11 | D88: =MID(B88,2,4) -> 1001 | E88: =C88&D88 -> 111001 | F88: =BIN2DEC(E88) -> 57 | G88: =VLOOKUP(F88,Constanst!$M$3:$U$66,8,TRUE) -> 5 | H88: =DEC2BIN(G88,4) -> 0101 | I88: =I87&H88 -> 1001010111010011101011010101
A89: 8 | B89: =MID($D$77, (A89-1)*6+1,6) -> 110000 | C89: =LEFT(B89,1)&(RIGHT(B89,1)) -> 10 | D89: =MID(B89,2,4) -> 1000 | E89: =C89&D89 -> 101000 | F89: =BIN2DEC(E89) -> 40 | G89: =VLOOKUP(F89,Constanst!$M$3:$U$66,9,TRUE) -> 0 | H89: =DEC2BIN(G89,4) -> 0000 | I89: =I88&H89 -> 10010101110100111010110101010000
B91: B= | C91: =I89 -> 10010101110100111010110101010000
A93: Hoán vị P(B)
A95: bit
A96: =MID($C$91,Constanst!X3,1) -> 1
A97: =MID($C$91,Constanst!X4,1) -> 0 | B97: =A96&A97 -> 10
A98: =MID($C$91,Constanst!X5,1) -> 0 | B98: =B97&A98 -> 100
A99: =MID($C$91,Constanst!X6,1) -> 1 | B99: =B98&A99 -> 1001
A100: =MID($C$91,Constanst!X7,1) -> 0 | B100: =B99&A100 -> 10010
A101: =MID($C$91,Constanst!X8,1) -> 1 | B101: =B100&A101 -> 100101
A102: =MID($C$91,Constanst!X9,1) -> 1 | B102: =B101&A102 -> 1001011
A103: =MID($C$91,Constanst!X10,1) -> 1 | B103: =B102&A103 -> 10010111
A104: =MID($C$91,Constanst!X11,1) -> 1 | B104: =B103&A104 -> 100101111
A105: =MID($C$91,Constanst!X12,1) -> 1 | B105: =B104&A105 -> 1001011111
A106: =MID($C$91,Constanst!X13,1) -> 0 | B106: =B105&A106 -> 10010111110
A107: =MID($C$91,Constanst!X14,1) -> 1 | B107: =B106&A107 -> 100101111101
A108: =MID($C$91,Constanst!X15,1) -> 0 | B108: =B107&A108 -> 1001011111010
A109: =MID($C$91,Constanst!X16,1) -> 0 | B109: =B108&A109 -> 10010111110100
... A127: =MID($C$91,Constanst!X34,1) -> 0 | B127: =B126&A127 -> 10010111110100010110000110011010
A129: F=P(B)= | B129: =B127 -> 10010111110100010110000110011010
A131: byte | B131: byte | C131: hexan | D131: dec
A132: 1 | B132: =MID($B$129,(A132-1)*8+1, 8) -> 10010111 | C132: =BIN2HEX(B132,2) -> 97 | D132: =HEX2DEC(C132) -> 151
A133: 2 | B133: =MID($B$129,(A133-1)*8+1, 8) -> 11010001 | C133: =BIN2HEX(B133,2) -> D1 | D133: =HEX2DEC(C133) -> 209
A134: 3 | B134: =MID($B$129,(A134-1)*8+1, 8) -> 01100001 | C134: =BIN2HEX(B134,2) -> 61 | D134: =HEX2DEC(C134) -> 97
A135: 4 | B135: =MID($B$129,(A135-1)*8+1, 8) -> 10011010 | C135: =BIN2HEX(B135,2) -> 9A | D135: =HEX2DEC(C135) -> 154

Sheet f(R1,K2)
A2: =L6 -> K2 | D2: =Input!I2 -> 011010011010111011011001001001011110101001100110
A3: F=P(B)= | B3: {=INDIRECT("'f(" & L5 & "," & L7 & ")'!B129")} -> 10010111110100010110000110011010
A4: =L4 -> L0 | B4: {=INDIRECT("'f(" & L5 & "," & L7 & ")'!H4")} -> 10011000111111101100110000000000 | L4: L0 | M4: L1
A5: =L5 -> R0 | B5: {=INDIRECT("'f(" & L5 & "," & L7 & ")'!H5")} -> 11100000010101001111000010101010 | L5: R0 | M5: R1
L6: K2
A7: F | G7: =L4 -> L0 | L7: K1
A8: byte | B8: byte | C8: hexan | D8: dec | G8: byte | H8: byte | I8: hexan | J8: dec
A9: 1 | B9: =MID($B$3,(A9-1)*8+1, 8) -> 10010111 | C9: =BIN2HEX(B9,2) -> 97 | D9: =HEX2DEC(C9) -> 151 | G9: 1 | H9: =MID($B$4,(G9-1)*8+1, 8) -> 10011000 | I9: =BIN2HEX(H9,2) -> 98 | J9: =HEX2DEC(I9) -> 152
A10: 2 | B10: =MID($B$3,(A10-1)*8+1, 8) -> 11010001 | C10: =BIN2HEX(B10,2) -> D1 | D10: =HEX2DEC(C10) -> 209 | G10: 2 | H10: =MID($B$4,(G10-1)*8+1, 8) -> 11111110 | I10: =BIN2HEX(H10,2) -> FE | J10: =HEX2DEC(I10) -> 254
A11: 3 | B11: =MID($B$3,(A11-1)*8+1, 8) -> 01100001 | C11: =BIN2HEX(B11,2) -> 61 | D11: =HEX2DEC(C11) -> 97 | G11: 3 | H11: =MID($B$4,(G11-1)*8+1, 8) -> 11001100 | I11: =BIN2HEX(H11,2) -> CC | J11: =HEX2DEC(I11) -> 204
A12: 4 | B12: =MID($B$3,(A12-1)*8+1, 8) -> 10011010 | C12: =BIN2HEX(B12,2) -> 9A | D12: =HEX2DEC(C12) -> 154 | G12: 4 | H12: =MID($B$4,(G12-1)*8+1, 8) -> 00000000 | I12: =BIN2HEX(H12,2) -> 00 | J12: =HEX2DEC(I12) -> 0
A14: =M5&" = F XOR "&L4&" =" -> R1 = F XOR L0 = | C14: =F17&F18&F19&F20 -> 00001111001011111010110110011010
C16: byte | D16: XOR | E16: HEX | F16: Bin
C17: 1 | D17: =BITXOR(J9,D9) -> 15 | E17: =DEC2HEX(D17,2) -> 0F | F17: =HEX2BIN(E17,8) -> 00001111
C18: 2 | D18: =BITXOR(J10,D10) -> 47 | E18: =DEC2HEX(D18,2) -> 2F | F18: =HEX2BIN(E18,8) -> 00101111
C19: 3 | D19: =BITXOR(J11,D11) -> 173 | E19: =DEC2HEX(D19,2) -> AD | F19: =HEX2BIN(E19,8) -> 10101101
C20: 4 | D20: =BITXOR(J12,D12) -> 154 | E20: =DEC2HEX(D20,2) -> 9A | F20: =HEX2BIN(E20,8) -> 10011010
A22: =M4&" = "&L5&" =" -> L1 = R0 = | C22: =B5 -> 11100000010101001111000010101010
A24: ="Mở rộng "&M5&" => E("&M5&")" -> Mở rộng R1 => E(R1) | D24: =B26 -> 000001011110100101011111110101011011110011110100
A25: bit
A26: =MID($C$14,Constanst!K3,1) -> 0 | B26: =A26&B27 -> 000001011110100101011111110101011011110011110100
A27: =MID($C$14,Constanst!K4,1) -> 0 | B27: =A27&B28 -> 00001011110100101011111110101011011110011110100
A28: =MID($C$14,Constanst!K5,1) -> 0 | B28: =A28&B29 -> 0001011110100101011111110101011011110011110100
A29: =MID($C$14,Constanst!K6,1) -> 0 | B29: =A29&B30 -> 001011110100101011111110101011011110011110100
A30: =MID($C$14,Constanst!K7,1) -> 0 | B30: =A30&B31 -> 01011110100101011111110101011011110011110100
A31: =MID($C$14,Constanst!K8,1) -> 1 | B31: =A31&B32 -> 1011110100101011111110101011011110011110100
A32: =MID($C$14,Constanst!K9,1) -> 0 | B32: =A32&B33 -> 011110100101011111110101011011110011110100
A33: =MID($C$14,Constanst!K10,1) -> 1 | B33: =A33&B34 -> 11110100101011111110101011011110011110100
A34: =MID($C$14,Constanst!K11,1) -> 1 | B34: =A34&B35 -> 1110100101011111110101011011110011110100
A35: =MID($C$14,Constanst!K12,1) -> 1 | B35: =A35&B36 -> 110100101011111110101011011110011110100
A36: =MID($C$14,Constanst!K13,1) -> 1 | B36: =A36&B37 -> 10100101011111110101011011110011110100
A37: =MID($C$14,Constanst!K14,1) -> 0 | B37: =A37&B38 -> 0100101011111110101011011110011110100
... A71: =MID($C$14,Constanst!K48,1) -> 1 | B71: =A71&B72 -> 100
A72: =MID($C$14,Constanst!K49,1) -> 0 | B72: =A72&A73 -> 00
A73: =MID($C$14,Constanst!K50,1) -> 0
A75: ="Thực hiện phép XOR A = E("&M5&") XOR "&L6 -> Thực hiện phép XOR A = E(R1) XOR K2
A76: ="Khóa " & L6 -> Khóa K2 | G76: ="E("&M5&")" -> E(R1)
A77: byte | B77: byte | C77: hexan | D77: decimal | G77: byte | H77: byte | I77: hexan | J77: decimal
A78: 1 | B78: =MID($D$2,(A78-1)*8+1, 8) -> 01101001 | C78: =BIN2HEX(B78,2) -> 69 | D78: =BIN2DEC(B78) -> 105 | G78: 1 | H78: =MID($D$24,(G78-1)*8+1, 8) -> 00000101 | I78: =BIN2HEX(H78,2) -> 05 | J78: =BIN2DEC(H78) -> 5
A79: 2 | B79: =MID($D$2,(A79-1)*8+1, 8) -> 10101110 | C79: =BIN2HEX(B79,2) -> AE | D79: =BIN2DEC(B79) -> 174 | G79: 2 | H79: =MID($D$24,(G79-1)*8+1, 8) -> 11101001 | I79: =BIN2HEX(H79,2) -> E9 | J79: =BIN2DEC(H79) -> 233
A80: 3 | B80: =MID($D$2,(A80-1)*8+1, 8) -> 11011001 | C80: =BIN2HEX(B80,2) -> D9 | D80: =BIN2DEC(B80) -> 217 | G80: 3 | H80: =MID($D$24,(G80-1)*8+1, 8) -> 01011111 | I80: =BIN2HEX(H80,2) -> 5F | J80: =BIN2DEC(H80) -> 95
A81: 4 | B81: =MID($D$2,(A81-1)*8+1, 8) -> 00100101 | C81: =BIN2HEX(B81,2) -> 25 | D81: =BIN2DEC(B81) -> 37 | G81: 4 | H81: =MID($D$24,(G81-1)*8+1, 8) -> 11010101 | I81: =BIN2HEX(H81,2) -> D5 | J81: =BIN2DEC(H81) -> 213
A82: 5 | B82: =MID($D$2,(A82-1)*8+1, 8) -> 11101010 | C82: =BIN2HEX(B82,2) -> EA | D82: =BIN2DEC(B82) -> 234 | G82: 5 | H82: =MID($D$24,(G82-1)*8+1, 8) -> 10111100 | I82: =BIN2HEX(H82,2) -> BC | J82: =BIN2DEC(H82) -> 188
A83: 6 | B83: =MID($D$2,(A83-1)*8+1, 8) -> 01100110 | C83: =BIN2HEX(B83,2) -> 66 | D83: =BIN2DEC(B83) -> 102 | G83: 6 | H83: =MID($D$24,(G83-1)*8+1, 8) -> 11110100 | I83: =BIN2HEX(H83,2) -> F4 | J83: =BIN2DEC(H83) -> 244
A85: Byte | B85: ="XOR(E"&M5&", "&L6&")" -> XOR(ER1, K2) | C85: Binary | D85: hexan
A86: 1 | B86: =BITXOR(D78,J78) -> 108 | C86: =DEC2BIN(B86,8) -> 01101100 | D86: =BIN2HEX(C86,2) -> 6C
A87: 2 | B87: =BITXOR(D79,J79) -> 71 | C87: =DEC2BIN(B87,8) -> 01000111 | D87: =BIN2HEX(C87,2) -> 47
A88: 3 | B88: =BITXOR(D80,J80) -> 134 | C88: =DEC2BIN(B88,8) -> 10000110 | D88: =BIN2HEX(C88,2) -> 86
A89: 4 | B89: =BITXOR(D81,J81) -> 240 | C89: =DEC2BIN(B89,8) -> 11110000 | D89: =BIN2HEX(C89,2) -> F0
A90: 5 | B90: =BITXOR(D82,J82) -> 86 | C90: =DEC2BIN(B90,8) -> 01010110 | D90: =BIN2HEX(C90,2) -> 56
A91: 6 | B91: =BITXOR(D83,J83) -> 146 | C91: =DEC2BIN(B91,8) -> 10010010 | D91: =BIN2HEX(C91,2) -> 92
B93: ="A = E"&M5&" XOR "&L6&" =" -> A = ER1 XOR K2 = | D93: =C86&C87&C88&C89&C90&C91 -> 011011000100011110000110111100000101011010010010
A95: Thực hiện phép thế | E95: Hàng = bit đầu + bit cuối
E96: Cột = 4 bit giữa
A97: cặp 6 bit | C97: hàng | D97: cột | F97: Chỉ số mảng | G97: Tra bảng S
A98: 1 | B98: =MID($D$93, (A98-1)*6+1,6) -> 011011 | C98: =LEFT(B98,1)&(RIGHT(B98,1)) -> 01 | D98: =MID(B98,2,4) -> 1101 | E98: =C98&D98 -> 011101 | F98: =BIN2DEC(E98) -> 29 | G98: =VLOOKUP(F98,Constanst!$M$3:$U$66,2,TRUE) -> 5 | H98: =DEC2BIN(G98,4) -> 0101 | I98: =H98 -> 0101
A99: 2 | B99: =MID($D$93, (A99-1)*6+1,6) -> 000100 | C99: =LEFT(B99,1)&(RIGHT(B99,1)) -> 00 | D99: =MID(B99,2,4) -> 0010 | E99: =C99&D99 -> 000010 | F99: =BIN2DEC(E99) -> 2 | G99: =VLOOKUP(F99,Constanst!$M$3:$U$66,3,TRUE) -> 8 | H99: =DEC2BIN(G99,4) -> 1000 | I99: =I98&H99 -> 01011000
A100: 3 | B100: =MID($D$93, (A100-1)*6+1,6) -> 011110 | C100: =LEFT(B100,1)&(RIGHT(B100,1)) -> 00 | D100: =MID(B100,2,4) -> 1111 | E100: =C100&D100 -> 001111 | F100: =BIN2DEC(E100) -> 15 | G100: =VLOOKUP(F100,Constanst!$M$3:$U$66,4,TRUE) -> 8 | H100: =DEC2BIN(G100,4) -> 1000 | I100: =I99&H100 -> 010110001000
A101: 4 | B101: =MID($D$93, (A101-1)*6+1,6) -> 000110 | C101: =LEFT(B101,1)&(RIGHT(B101,1)) -> 00 | D101: =MID(B101,2,4) -> 0011 | E101: =C101&D101 -> 000011 | F101: =BIN2DEC(E101) -> 3 | G101: =VLOOKUP(F101,Constanst!$M$3:$U$66,5,TRUE) -> 3 | H101: =DEC2BIN(G101,4) -> 0011 | I101: =I100&H101 -> 0101100010000011
A102: 5 | B102: =MID($D$93, (A102-1)*6+1,6) -> 111100 | C102: =LEFT(B102,1)&(RIGHT(B102,1)) -> 10 | D102: =MID(B102,2,4) -> 1110 | E102: =C102&D102 -> 101110 | F102: =BIN2DEC(E102) -> 46 | G102: =VLOOKUP(F102,Constanst!$M$3:$U$66,6,TRUE) -> 0 | H102: =DEC2BIN(G102,4) -> 0000 | I102: =I101&H102 -> 01011000100000110000
A103: 6 | B103: =MID($D$93, (A103-1)*6+1,6) -> 000101 | C103: =LEFT(B103,1)&(RIGHT(B103,1)) -> 01 | D103: =MID(B103,2,4) -> 0010 | E103: =C103&D103 -> 010010 | F103: =BIN2DEC(E103) -> 18 | G103: =VLOOKUP(F103,Constanst!$M$3:$U$66,7,TRUE) -> 4 | H103: =DEC2BIN(G103,4) -> 0100 | I103: =I102&H103 -> 010110001000001100000100
A104: 7 | B104: =MID($D$93, (A104-1)*6+1,6) -> 011010 | C104: =LEFT(B104,1)&(RIGHT(B104,1)) -> 00 | D104: =MID(B104,2,4) -> 1101 | E104: =C104&D104 -> 001101 | F104: =BIN2DEC(E104) -> 13 | G104: =VLOOKUP(F104,Constanst!$M$3:$U$66,8,TRUE) -> 10 | H104: =DEC2BIN(G104,4) -> 1010 | I104: =I103&H104 -> 0101100010000011000001001010
A105: 8 | B105: =MID($D$93, (A105-1)*6+1,6) -> 010010 | C105: =LEFT(B105,1)&(RIGHT(B105,1)) -> 00 | D105: =MID(B105,2,4) -> 1001 | E105: =C105&D105 -> 001001 | F105: =BIN2DEC(E105) -> 9 | G105: =VLOOKUP(F105,Constanst!$M$3:$U$66,9,TRUE) -> 9 | H105: =DEC2BIN(G105,4) -> 1001 | I105: =I104&H105 -> 01011000100000110000010010101001
B107: B= | C107: =I105 -> 01011000100000110000010010101001
A109: Hoán vị P(B)
A111: bit
A112: =MID($C$107,Constanst!X3,1) -> 1
A113: =MID($C$107,Constanst!X4,1) -> 0 | B113: =A112&A113 -> 10
A114: =MID($C$107,Constanst!X5,1) -> 0 | B114: =B113&A114 -> 100
A115: =MID($C$107,Constanst!X6,1) -> 0 | B115: =B114&A115 -> 1000
A116: =MID($C$107,Constanst!X7,1) -> 1 | B116: =B115&A116 -> 10001
A117: =MID($C$107,Constanst!X8,1) -> 0 | B117: =B116&A117 -> 100010
A118: =MID($C$107,Constanst!X9,1) -> 0 | B118: =B117&A118 -> 1000100
A119: =MID($C$107,Constanst!X10,1) -> 0 | B119: =B118&A119 -> 10001000
A120: =MID($C$107,Constanst!X11,1) -> 0 | B120: =B119&A120 -> 100010000
A121: =MID($C$107,Constanst!X12,1) -> 1 | B121: =B120&A121 -> 1000100001
A122: =MID($C$107,Constanst!X13,1) -> 0 | B122: =B121&A122 -> 10001000010
A123: =MID($C$107,Constanst!X14,1) -> 0 | B123: =B122&A123 -> 100010000100
A124: =MID($C$107,Constanst!X15,1) -> 1 | B124: =B123&A124 -> 1000100001001
A125: =MID($C$107,Constanst!X16,1) -> 0 | B125: =B124&A125 -> 10001000010010
... A143: =MID($C$107,Constanst!X34,1) -> 1 | B143: =B142&A143 -> 10001000010010001000110100001011
A145: F=P(B)= | B145: =B143 -> 10001000010010001000110100001011
A147: byte | B147: byte | C147: hexan | D147: dec
A148: 1 | B148: =MID($B$145,(A148-1)*8+1, 8) -> 10001000 | C148: =BIN2HEX(B148,2) -> 88 | D148: =HEX2DEC(C148) -> 136
A149: 2 | B149: =MID($B$145,(A149-1)*8+1, 8) -> 01001000 | C149: =BIN2HEX(B149,2) -> 48 | D149: =HEX2DEC(C149) -> 72
A150: 3 | B150: =MID($B$145,(A150-1)*8+1, 8) -> 10001101 | C150: =BIN2HEX(B150,2) -> 8D | D150: =HEX2DEC(C150) -> 141
A151: 4 | B151: =MID($B$145,(A151-1)*8+1, 8) -> 00001011 | C151: =BIN2HEX(B151,2) -> 0B | D151: =HEX2DEC(C151) -> 11

Sheet f(R2,K3)
A2: =L6 -> K3 | D2: =Input!I3 -> 010101011111110010001010101101001010110011010010
A3: F=P(B)= | B3: {=INDIRECT("'f(" & L5 & "," & L7 & ")'!B145")} -> 10001000010010001000110100001011
A4: =L4 -> L1 | B4: {=INDIRECT("'f(" & L5 & "," & L7 & ")'!C22")} -> 11100000010101001111000010101010 | L4: L1 | M4: L2
A5: =L5 -> R1 | B5: {=INDIRECT("'f(" & L5 & "," & L7 & ")'!C14")} -> 00001111001011111010110110011010 | L5: R1 | M5: R2
L6: K3
A7: F | G7: =L4 -> L1 | L7: K2
A8: byte | B8: byte | C8: hexan | D8: dec | G8: byte | H8: byte | I8: hexan | J8: dec
A9: 1 | B9: =MID($B$3,(A9-1)*8+1, 8) -> 10001000 | C9: =BIN2HEX(B9,2) -> 88 | D9: =HEX2DEC(C9) -> 136 | G9: 1 | H9: =MID($B$4,(G9-1)*8+1, 8) -> 11100000 | I9: =BIN2HEX(H9,2) -> E0 | J9: =HEX2DEC(I9) -> 224
A10: 2 | B10: =MID($B$3,(A10-1)*8+1, 8) -> 01001000 | C10: =BIN2HEX(B10,2) -> 48 | D10: =HEX2DEC(C10) -> 72 | G10: 2 | H10: =MID($B$4,(G10-1)*8+1, 8) -> 01010100 | I10: =BIN2HEX(H10,2) -> 54 | J10: =HEX2DEC(I10) -> 84
A11: 3 | B11: =MID($B$3,(A11-1)*8+1, 8) -> 10001101 | C11: =BIN2HEX(B11,2) -> 8D | D11: =HEX2DEC(C11) -> 141 | G11: 3 | H11: =MID($B$4,(G11-1)*8+1, 8) -> 11110000 | I11: =BIN2HEX(H11,2) -> F0 | J11: =HEX2DEC(I11) -> 240
A12: 4 | B12: =MID($B$3,(A12-1)*8+1, 8) -> 00001011 | C12: =BIN2HEX(B12,2) -> 0B | D12: =HEX2DEC(C12) -> 11 | G12: 4 | H12: =MID($B$4,(G12-1)*8+1, 8) -> 10101010 | I12: =BIN2HEX(H12,2) -> AA | J12: =HEX2DEC(I12) -> 170
A14: =M5&" = F XOR "&L4&" =" -> R2 = F XOR L1 = | C14: =F17&F18&F19&F20 -> 01101000000111000111110110100001
C16: byte | D16: XOR | E16: HEX | F16: Bin
C17: 1 | D17: =BITXOR(J9,D9) -> 104 | E17: =DEC2HEX(D17,2) -> 68 | F17: =HEX2BIN(E17,8) -> 01101000
C18: 2 | D18: =BITXOR(J10,D10) -> 28 | E18: =DEC2HEX(D18,2) -> 1C | F18: =HEX2BIN(E18,8) -> 00011100
C19: 3 | D19: =BITXOR(J11,D11) -> 125 | E19: =DEC2HEX(D19,2) -> 7D | F19: =HEX2BIN(E19,8) -> 01111101
C20: 4 | D20: =BITXOR(J12,D12) -> 161 | E20: =DEC2HEX(D20,2) -> A1 | F20: =HEX2BIN(E20,8) -> 10100001
A22: =M4&" = "&L5&" =" -> L2 = R1 = | C22: =B5 -> 00001111001011111010110110011010
A24: ="Mở rộng "&M5&" => E("&M5&")" -> Mở rộng R2 => E(R2) | D24: =B26 -> 101101010000000011111000001111111011110100000010
A25: bit
A26: =MID($C$14,Constanst!K3,1) -> 1 | B26: =A26&B27 -> 101101010000000011111000001111111011110100000010
A27: =MID($C$14,Constanst!K4,1) -> 0 | B27: =A27&B28 -> 01101010000000011111000001111111011110100000010
A28: =MID($C$14,Constanst!K5,1) -> 1 | B28: =A28&B29 -> 1101010000000011111000001111111011110100000010
A29: =MID($C$14,Constanst!K6,1) -> 1 | B29: =A29&B30 -> 101010000000011111000001111111011110100000010
A30: =MID($C$14,Constanst!K7,1) -> 0 | B30: =A30&B31 -> 01010000000011111000001111111011110100000010
A31: =MID($C$14,Constanst!K8,1) -> 1 | B31: =A31&B32 -> 1010000000011111000001111111011110100000010
A32: =MID($C$14,Constanst!K9,1) -> 0 | B32: =A32&B33 -> 010000000011111000001111111011110100000010
A33: =MID($C$14,Constanst!K10,1) -> 1 | B33: =A33&B34 -> 10000000011111000001111111011110100000010
A34: =MID($C$14,Constanst!K11,1) -> 0 | B34: =A34&B35 -> 0000000011111000001111111011110100000010
A35: =MID($C$14,Constanst!K12,1) -> 0 | B35: =A35&B36 -> 000000011111000001111111011110100000010
A36: =MID($C$14,Constanst!K13,1) -> 0 | B36: =A36&B37 -> 00000011111000001111111011110100000010
A37: =MID($C$14,Constanst!K14,1) -> 0 | B37: =A37&B38 -> 0000011111000001111111011110100000010
... A71: =MID($C$14,Constanst!K48,1) -> 0 | B71: =A71&B72 -> 010
A72: =MID($C$14,Constanst!K49,1) -> 1 | B72: =A72&A73 -> 10
A73: =MID($C$14,Constanst!K50,1) -> 0
A75: ="Thực hiện phép XOR A = E("&M5&") XOR "&L6 -> Thực hiện phép XOR A = E(R2) XOR K3
A76: ="Khóa " & L6 -> Khóa K3 | G76: ="E("&M5&")" -> E(R2)
A77: byte | B77: byte | C77: hexan | D77: decimal | G77: byte | H77: byte | I77: hexan | J77: decimal
A78: 1 | B78: =MID($D$2,(A78-1)*8+1, 8) -> 01010101 | C78: =BIN2HEX(B78,2) -> 55 | D78: =BIN2DEC(B78) -> 85 | G78: 1 | H78: =MID($D$24,(G78-1)*8+1, 8) -> 10110101 | I78: =BIN2HEX(H78,2) -> B5 | J78: =BIN2DEC(H78) -> 181
A79: 2 | B79: =MID($D$2,(A79-1)*8+1, 8) -> 11111100 | C79: =BIN2HEX(B79,2) -> FC | D79: =BIN2DEC(B79) -> 252 | G79: 2 | H79: =MID($D$24,(G79-1)*8+1, 8) -> 00000000 | I79: =BIN2HEX(H79,2) -> 00 | J79: =BIN2DEC(H79) -> 0
A80: 3 | B80: =MID($D$2,(A80-1)*8+1, 8) -> 10001010 | C80: =BIN2HEX(B80,2) -> 8A | D80: =BIN2DEC(B80) -> 138 | G80: 3 | H80: =MID($D$24,(G80-1)*8+1, 8) -> 11111000 | I80: =BIN2HEX(H80,2) -> F8 | J80: =BIN2DEC(H80) -> 248
A81: 4 | B81: =MID($D$2,(A81-1)*8+1, 8) -> 10110100 | C81: =BIN2HEX(B81,2) -> B4 | D81: =BIN2DEC(B81) -> 180 | G81: 4 | H81: =MID($D$24,(G81-1)*8+1, 8) -> 00111111 | I81: =BIN2HEX(H81,2) -> 3F | J81: =BIN2DEC(H81) -> 63
A82: 5 | B82: =MID($D$2,(A82-1)*8+1, 8) -> 10101100 | C82: =BIN2HEX(B82,2) -> AC | D82: =BIN2DEC(B82) -> 172 | G82: 5 | H82: =MID($D$24,(G82-1)*8+1, 8) -> 10111101 | I82: =BIN2HEX(H82,2) -> BD | J82: =BIN2DEC(H82) -> 189
A83: 6 | B83: =MID($D$2,(A83-1)*8+1, 8) -> 11010010 | C83: =BIN2HEX(B83,2) -> D2 | D83: =BIN2DEC(B83) -> 210 | G83: 6 | H83: =MID($D$24,(G83-1)*8+1, 8) -> 00000010 | I83: =BIN2HEX(H83,2) -> 02 | J83: =BIN2DEC(H83) -> 2
A85: Byte | B85: ="XOR(E"&M5&", "&L6&")" -> XOR(ER2, K3) | C85: Binary | D85: hexan
A86: 1 | B86: =BITXOR(D78,J78) -> 224 | C86: =DEC2BIN(B86,8) -> 11100000 | D86: =BIN2HEX(C86,2) -> E0
A87: 2 | B87: =BITXOR(D79,J79) -> 252 | C87: =DEC2BIN(B87,8) -> 11111100 | D87: =BIN2HEX(C87,2) -> FC
A88: 3 | B88: =BITXOR(D80,J80) -> 114 | C88: =DEC2BIN(B88,8) -> 01110010 | D88: =BIN2HEX(C88,2) -> 72
A89: 4 | B89: =BITXOR(D81,J81) -> 139 | C89: =DEC2BIN(B89,8) -> 10001011 | D89: =BIN2HEX(C89,2) -> 8B
A90: 5 | B90: =BITXOR(D82,J82) -> 17 | C90: =DEC2BIN(B90,8) -> 00010001 | D90: =BIN2HEX(C90,2) -> 11
A91: 6 | B91: =BITXOR(D83,J83) -> 208 | C91: =DEC2BIN(B91,8) -> 11010000 | D91: =BIN2HEX(C91,2) -> D0
B93: ="A = E"&M5&" XOR "&L6&" =" -> A = ER2 XOR K3 = | D93: =C86&C87&C88&C89&C90&C91 -> 111000001111110001110010100010110001000111010000
A95: Thực hiện phép thế | E95: Hàng = bit đầu + bit cuối
E96: Cột = 4 bit giữa
A97: cặp 6 bit | C97: hàng | D97: cột | F97: Chỉ số mảng | G97: Tra bảng S
A98: 1 | B98: =MID($D$93, (A98-1)*6+1,6) -> 111000 | C98: =LEFT(B98,1)&(RIGHT(B98,1)) -> 10 | D98: =MID(B98,2,4) -> 1100 | E98: =C98&D98 -> 101100 | F98: =BIN2DEC(E98) -> 44 | G98: =VLOOKUP(F98,Constanst!$M$3:$U$66,2,TRUE) -> 3 | H98: =DEC2BIN(G98,4) -> 0011 | I98: =H98 -> 0011
A99: 2 | B99: =MID($D$93, (A99-1)*6+1,6) -> 001111 | C99: =LEFT(B99,1)&(RIGHT(B99,1)) -> 01 | D99: =MID(B99,2,4) -> 0111 | E99: =C99&D99 -> 010111 | F99: =BIN2DEC(E99) -> 23 | G99: =VLOOKUP(F99,Constanst!$M$3:$U$66,3,TRUE) -> 14 | H99: =DEC2BIN(G99,4) -> 1110 | I99: =I98&H99 -> 00111110
A100: 3 | B100: =MID($D$93, (A100-1)*6+1,6) -> 110001 | C100: =LEFT(B100,1)&(RIGHT(B100,1)) -> 11 | D100: =MID(B100,2,4) -> 1000 | E100: =C100&D100 -> 111000 | F100: =BIN2DEC(E100) -> 56 | G100: =VLOOKUP(F100,Constanst!$M$3:$U$66,4,TRUE) -> 4 | H100: =DEC2BIN(G100,4) -> 0100 | I100: =I99&H100 -> 001111100100
A101: 4 | B101: =MID($D$93, (A101-1)*6+1,6) -> 110010 | C101: =LEFT(B101,1)&(RIGHT(B101,1)) -> 10 | D101: =MID(B101,2,4) -> 1001 | E101: =C101&D101 -> 101001 | F101: =BIN2DEC(E101) -> 41 | G101: =VLOOKUP(F101,Constanst!$M$3:$U$66,5,TRUE) -> 1 | H101: =DEC2BIN(G101,4) -> 0001 | I101: =I100&H101 -> 0011111001000001
A102: 5 | B102: =MID($D$93, (A102-1)*6+1,6) -> 100010 | C102: =LEFT(B102,1)&(RIGHT(B102,1)) -> 10 | D102: =MID(B102,2,4) -> 0001 | E102: =C102&D102 -> 100001 | F102: =BIN2DEC(E102) -> 33 | G102: =VLOOKUP(F102,Constanst!$M$3:$U$66,6,TRUE) -> 2 | H102: =DEC2BIN(G102,4) -> 0010 | I102: =I101&H102 -> 00111110010000010010
A103: 6 | B103: =MID($D$93, (A103-1)*6+1,6) -> 110001 | C103: =LEFT(B103,1)&(RIGHT(B103,1)) -> 11 | D103: =MID(B103,2,4) -> 1000 | E103: =C103&D103 -> 111000 | F103: =BIN2DEC(E103) -> 56 | G103: =VLOOKUP(F103,Constanst!$M$3:$U$66,7,TRUE) -> 11 | H103: =DEC2BIN(G103,4) -> 1011 | I103: =I102&H103 -> 001111100100000100101011
A104: 7 | B104: =MID($D$93, (A104-1)*6+1,6) -> 000111 | C104: =LEFT(B104,1)&(RIGHT(B104,1)) -> 01 | D104: =MID(B104,2,4) -> 0011 | E104: =C104&D104 -> 010011 | F104: =BIN2DEC(E104) -> 19 | G104: =VLOOKUP(F104,Constanst!$M$3:$U$66,8,TRUE) -> 7 | H104: =DEC2BIN(G104,4) -> 0111 | I104: =I103&H104 -> 0011111001000001001010110111
A105: 8 | B105: =MID($D$93, (A105-1)*6+1,6) -> 010000 | C105: =LEFT(B105,1)&(RIGHT(B105,1)) -> 00 | D105: =MID(B105,2,4) -> 1000 | E105: =C105&D105 -> 001000 | F105: =BIN2DEC(E105) -> 8 | G105: =VLOOKUP(F105,Constanst!$M$3:$U$66,9,TRUE) -> 10 | H105: =DEC2BIN(G105,4) -> 1010 | I105: =I104&H105 -> 00111110010000010010101101111010
B107: B= | C107: =I105 -> 00111110010000010010101101111010
A109: Hoán vị P(B)
A111: bit
A112: =MID($C$107,Constanst!X3,1) -> 1
A113: =MID($C$107,Constanst!X4,1) -> 1 | B113: =A112&A113 -> 11
A114: =MID($C$107,Constanst!X5,1) -> 0 | B114: =B113&A114 -> 110
A115: =MID($C$107,Constanst!X6,1) -> 1 | B115: =B114&A115 -> 1101
A116: =MID($C$107,Constanst!X7,1) -> 1 | B116: =B115&A116 -> 11011
A117: =MID($C$107,Constanst!X8,1) -> 0 | B117: =B116&A117 -> 110110
A118: =MID($C$107,Constanst!X9,1) -> 1 | B118: =B117&A118 -> 1101101
A119: =MID($C$107,Constanst!X10,1) -> 0 | B119: =B118&A119 -> 11011010
A120: =MID($C$107,Constanst!X11,1) -> 0 | B120: =B119&A120 -> 110110100
A121: =MID($C$107,Constanst!X12,1) -> 0 | B121: =B120&A121 -> 1101101000
A122: =MID($C$107,Constanst!X13,1) -> 1 | B122: =B121&A122 -> 11011010001
A123: =MID($C$107,Constanst!X14,1) -> 1 | B123: =B122&A123 -> 110110100011
A124: =MID($C$107,Constanst!X15,1) -> 1 | B124: =B123&A124 -> 1101101000111
A125: =MID($C$107,Constanst!X16,1) -> 0 | B125: =B124&A125 -> 11011010001110
... A143: =MID($C$107,Constanst!X34,1) -> 0 | B143: =B142&A143 -> 11011010001110110010011010010010
A145: F=P(B)= | B145: =B143 -> 11011010001110110010011010010010
A147: byte | B147: byte | C147: hexan | D147: dec
A148: 1 | B148: =MID($B$145,(A148-1)*8+1, 8) -> 11011010 | C148: =BIN2HEX(B148,2) -> DA | D148: =HEX2DEC(C148) -> 218
A149: 2 | B149: =MID($B$145,(A149-1)*8+1, 8) -> 00111011 | C149: =BIN2HEX(B149,2) -> 3B | D149: =HEX2DEC(C149) -> 59
A150: 3 | B150: =MID($B$145,(A150-1)*8+1, 8) -> 00100110 | C150: =BIN2HEX(B150,2) -> 26 | D150: =HEX2DEC(C150) -> 38
A151: 4 | B151: =MID($B$145,(A151-1)*8+1, 8) -> 10010010 | C151: =BIN2HEX(B151,2) -> 92 | D151: =HEX2DEC(C151) -> 146

Sheet f(R3,K4)
A2: =L6 -> K4 | D2: =Input!I4 -> 011100101010110111010010101011011000011001010111
A3: F=P(B)= | B3: {=INDIRECT("'f(" & L5 & "," & L7 & ")'!B145")} -> 11011010001110110010011010010010
A4: =L4 -> L2 | B4: {=INDIRECT("'f(" & L5 & "," & L7 & ")'!C22")} -> 00001111001011111010110110011010 | L4: L2 | M4: L3
A5: =L5 -> R2 | B5: {=INDIRECT("'f(" & L5 & "," & L7 & ")'!C14")} -> 01101000000111000111110110100001 | L5: R2 | M5: R3
L6: K4
A7: F | G7: =L4 -> L2 | L7: K3
A8: byte | B8: byte | C8: hexan | D8: dec | G8: byte | H8: byte | I8: hexan | J8: dec
A9: 1 | B9: =MID($B$3,(A9-1)*8+1, 8) -> 11011010 | C9: =BIN2HEX(B9,2) -> DA | D9: =HEX2DEC(C9) -> 218 | G9: 1 | H9: =MID($B$4,(G9-1)*8+1, 8) -> 00001111 | I9: =BIN2HEX(H9,2) -> 0F | J9: =HEX2DEC(I9) -> 15
A10: 2 | B10: =MID($B$3,(A10-1)*8+1, 8) -> 00111011 | C10: =BIN2HEX(B10,2) -> 3B | D10: =HEX2DEC(C10) -> 59 | G10: 2 | H10: =MID($B$4,(G10-1)*8+1, 8) -> 00101111 | I10: =BIN2HEX(H10,2) -> 2F | J10: =HEX2DEC(I10) -> 47
A11: 3 | B11: =MID($B$3,(A11-1)*8+1, 8) -> 00100110 | C11: =BIN2HEX(B11,2) -> 26 | D11: =HEX2DEC(C11) -> 38 | G11: 3 | H11: =MID($B$4,(G11-1)*8+1, 8) -> 10101101 | I11: =BIN2HEX(H11,2) -> AD | J11: =HEX2DEC(I11) -> 173
A12: 4 | B12: =MID($B$3,(A12-1)*8+1, 8) -> 10010010 | C12: =BIN2HEX(B12,2) -> 92 | D12: =HEX2DEC(C12) -> 146 | G12: 4 | H12: =MID($B$4,(G12-1)*8+1, 8) -> 10011010 | I12: =BIN2HEX(H12,2) -> 9A | J12: =HEX2DEC(I12) -> 154
A14: =M5&" = F XOR "&L4&" =" -> R3 = F XOR L2 = | C14: =F17&F18&F19&F20 -> 11010101000101001000101100001000
C16: byte | D16: XOR | E16: HEX | F16: Bin
C17: 1 | D17: =BITXOR(J9,D9) -> 213 | E17: =DEC2HEX(D17,2) -> D5 | F17: =HEX2BIN(E17,8) -> 11010101
C18: 2 | D18: =BITXOR(J10,D10) -> 20 | E18: =DEC2HEX(D18,2) -> 14 | F18: =HEX2BIN(E18,8) -> 00010100
C19: 3 | D19: =BITXOR(J11,D11) -> 139 | E19: =DEC2HEX(D19,2) -> 8B | F19: =HEX2BIN(E19,8) -> 10001011
C20: 4 | D20: =BITXOR(J12,D12) -> 8 | E20: =DEC2HEX(D20,2) -> 08 | F20: =HEX2BIN(E20,8) -> 00001000
A22: =M4&" = "&L5&" =" -> L3 = R2 = | C22: =B5 -> 01101000000111000111110110100001
A24: ="Mở rộng "&M5&" => E("&M5&")" -> Mở rộng R3 => E(R3) | D24: =B26 -> 011010101010100010101001010001010110100001010001
A25: bit
A26: =MID($C$14,Constanst!K3,1) -> 0 | B26: =A26&B27 -> 011010101010100010101001010001010110100001010001
A27: =MID($C$14,Constanst!K4,1) -> 1 | B27: =A27&B28 -> 11010101010100010101001010001010110100001010001
A28: =MID($C$14,Constanst!K5,1) -> 1 | B28: =A28&B29 -> 1010101010100010101001010001010110100001010001
A29: =MID($C$14,Constanst!K6,1) -> 0 | B29: =A29&B30 -> 010101010100010101001010001010110100001010001
A30: =MID($C$14,Constanst!K7,1) -> 1 | B30: =A30&B31 -> 10101010100010101001010001010110100001010001
A31: =MID($C$14,Constanst!K8,1) -> 0 | B31: =A31&B32 -> 0101010100010101001010001010110100001010001
A32: =MID($C$14,Constanst!K9,1) -> 1 | B32: =A32&B33 -> 101010100010101001010001010110100001010001
A33: =MID($C$14,Constanst!K10,1) -> 0 | B33: =A33&B34 -> 01010100010101001010001010110100001010001
A34: =MID($C$14,Constanst!K11,1) -> 1 | B34: =A34&B35 -> 1010100010101001010001010110100001010001
A35: =MID($C$14,Constanst!K12,1) -> 0 | B35: =A35&B36 -> 010100010101001010001010110100001010001
A36: =MID($C$14,Constanst!K13,1) -> 1 | B36: =A36&B37 -> 10100010101001010001010110100001010001
A37: =MID($C$14,Constanst!K14,1) -> 0 | B37: =A37&B38 -> 0100010101001010001010110100001010001
... A71: =MID($C$14,Constanst!K48,1) -> 0 | B71: =A71&B72 -> 001
A72: =MID($C$14,Constanst!K49,1) -> 0 | B72: =A72&A73 -> 01
A73: =MID($C$14,Constanst!K50,1) -> 1
A75: ="Thực hiện phép XOR A = E("&M5&") XOR "&L6 -> Thực hiện phép XOR A = E(R3) XOR K4
A76: ="Khóa " & L6 -> Khóa K4 | G76: ="E("&M5&")" -> E(R3)
A77: byte | B77: byte | C77: hexan | D77: decimal | G77: byte | H77: byte | I77: hexan | J77: decimal
A78: 1 | B78: =MID($D$2,(A78-1)*8+1, 8) -> 01110010 | C78: =BIN2HEX(B78,2) -> 72 | D78: =BIN2DEC(B78) -> 114 | G78: 1 | H78: =MID($D$24,(G78-1)*8+1, 8) -> 01101010 | I78: =BIN2HEX(H78,2) -> 6A | J78: =BIN2DEC(H78) -> 106
A79: 2 | B79: =MID($D$2,(A79-1)*8+1, 8) -> 10101101 | C79: =BIN2HEX(B79,2) -> AD | D79: =BIN2DEC(B79) -> 173 | G79: 2 | H79: =MID($D$24,(G79-1)*8+1, 8) -> 10101000 | I79: =BIN2HEX(H79,2) -> A8 | J79: =BIN2DEC(H79) -> 168
A80: 3 | B80: =MID($D$2,(A80-1)*8+1, 8) -> 11010010 | C80: =BIN2HEX(B80,2) -> D2 | D80: =BIN2DEC(B80) -> 210 | G80: 3 | H80: =MID($D$24,(G80-1)*8+1, 8) -> 10101001 | I80: =BIN2HEX(H80,2) -> A9 | J80: =BIN2DEC(H80) -> 169
A81: 4 | B81: =MID($D$2,(A81-1)*8+1, 8) -> 10101101 | C81: =BIN2HEX(B81,2) -> AD | D81: =BIN2DEC(B81) -> 173 | G81: 4 | H81: =MID($D$24,(G81-1)*8+1, 8) -> 01000101 | I81: =BIN2HEX(H81,2) -> 45 | J81: =BIN2DEC(H81) -> 69
A82: 5 | B82: =MID($D$2,(A82-1)*8+1, 8) -> 10000110 | C82: =BIN2HEX(B82,2) -> 86 | D82: =BIN2DEC(B82) -> 134 | G82: 5 | H82: =MID($D$24,(G82-1)*8+1, 8) -> 01101000 | I82: =BIN2HEX(H82,2) -> 68 | J82: =BIN2DEC(H82) -> 104
A83: 6 | B83: =MID($D$2,(A83-1)*8+1, 8) -> 01010111 | C83: =BIN2HEX(B83,2) -> 57 | D83: =BIN2DEC(B83) -> 87 | G83: 6 | H83: =MID($D$24,(G83-1)*8+1, 8) -> 01010001 | I83: =BIN2HEX(H83,2) -> 51 | J83: =BIN2DEC(H83) -> 81
A85: Byte | B85: ="XOR(E"&M5&", "&L6&")" -> XOR(ER3, K4) | C85: Binary | D85: hexan
A86: 1 | B86: =BITXOR(D78,J78) -> 24 | C86: =DEC2BIN(B86,8) -> 00011000 | D86: =BIN2HEX(C86,2) -> 18
A87: 2 | B87: =BITXOR(D79,J79) -> 5 | C87: =DEC2BIN(B87,8) -> 00000101 | D87: =BIN2HEX(C87,2) -> 05
A88: 3 | B88: =BITXOR(D80,J80) -> 123 | C88: =DEC2BIN(B88,8) -> 01111011 | D88: =BIN2HEX(C88,2) -> 7B
A89: 4 | B89: =BITXOR(D81,J81) -> 232 | C89: =DEC2BIN(B89,8) -> 11101000 | D89: =BIN2HEX(C89,2) -> E8
A90: 5 | B90: =BITXOR(D82,J82) -> 238 | C90: =DEC2BIN(B90,8) -> 11101110 | D90: =BIN2HEX(C90,2) -> EE
A91: 6 | B91: =BITXOR(D83,J83) -> 6 | C91: =DEC2BIN(B91,8) -> 00000110 | D91: =BIN2HEX(C91,2) -> 06
B93: ="A = E"&M5&" XOR "&L6&" =" -> A = ER3 XOR K4 = | D93: =C86&C87&C88&C89&C90&C91 -> 000110000000010101111011111010001110111000000110
A95: Thực hiện phép thế | E95: Hàng = bit đầu + bit cuối
E96: Cột = 4 bit giữa
A97: cặp 6 bit | C97: hàng | D97: cột | F97: Chỉ số mảng | G97: Tra bảng S
A98: 1 | B98: =MID($D$93, (A98-1)*6+1,6) -> 000110 | C98: =LEFT(B98,1)&(RIGHT(B98,1)) -> 00 | D98: =MID(B98,2,4) -> 0011 | E98: =C98&D98 -> 000011 | F98: =BIN2DEC(E98) -> 3 | G98: =VLOOKUP(F98,Constanst!$M$3:$U$66,2,TRUE) -> 1 | H98: =DEC2BIN(G98,4) -> 0001 | I98: =H98 -> 0001
A99: 2 | B99: =MID($D$93, (A99-1)*6+1,6) -> 000000 | C99: =LEFT(B99,1)&(RIGHT(B99,1)) -> 00 | D99: =MID(B99,2,4) -> 0000 | E99: =C99&D99 -> 000000 | F99: =BIN2DEC(E99) -> 0 | G99: =VLOOKUP(F99,Constanst!$M$3:$U$66,3,TRUE) -> 15 | H99: =DEC2BIN(G99,4) -> 1111 | I99: =I98&H99 -> 00011111
A100: 3 | B100: =MID($D$93, (A100-1)*6+1,6) -> 010101 | C100: =LEFT(B100,1)&(RIGHT(B100,1)) -> 01 | D100: =MID(B100,2,4) -> 1010 | E100: =C100&D100 -> 011010 | F100: =BIN2DEC(E100) -> 26 | G100: =VLOOKUP(F100,Constanst!$M$3:$U$66,4,TRUE) -> 5 | H100: =DEC2BIN(G100,4) -> 0101 | I100: =I99&H100 -> 000111110101
A101: 4 | B101: =MID($D$93, (A101-1)*6+1,6) -> 111011 | C101: =LEFT(B101,1)&(RIGHT(B101,1)) -> 11 | D101: =MID(B101,2,4) -> 1101 | E101: =C101&D101 -> 111101 | F101: =BIN2DEC(E101) -> 61 | G101: =VLOOKUP(F101,Constanst!$M$3:$U$66,5,TRUE) -> 7 | H101: =DEC2BIN(G101,4) -> 0111 | I101: =I100&H101 -> 0001111101010111
A102: 5 | B102: =MID($D$93, (A102-1)*6+1,6) -> 111010 | C102: =LEFT(B102,1)&(RIGHT(B102,1)) -> 10 | D102: =MID(B102,2,4) -> 1101 | E102: =C102&D102 -> 101101 | F102: =BIN2DEC(E102) -> 45 | G102: =VLOOKUP(F102,Constanst!$M$3:$U$66,6,TRUE) -> 3 | H102: =DEC2BIN(G102,4) -> 0011 | I102: =I101&H102 -> 00011111010101110011
A103: 6 | B103: =MID($D$93, (A103-1)*6+1,6) -> 001110 | C103: =LEFT(B103,1)&(RIGHT(B103,1)) -> 00 | D103: =MID(B103,2,4) -> 0111 | E103: =C103&D103 -> 000111 | F103: =BIN2DEC(E103) -> 7 | G103: =VLOOKUP(F103,Constanst!$M$3:$U$66,7,TRUE) -> 8 | H103: =DEC2BIN(G103,4) -> 1000 | I103: =I102&H103 -> 000111110101011100111000
A104: 7 | B104: =MID($D$93, (A104-1)*6+1,6) -> 111000 | C104: =LEFT(B104,1)&(RIGHT(B104,1)) -> 10 | D104: =MID(B104,2,4) -> 1100 | E104: =C104&D104 -> 101100 | F104: =BIN2DEC(E104) -> 44 | G104: =VLOOKUP(F104,Constanst!$M$3:$U$66,8,TRUE) -> 0 | H104: =DEC2BIN(G104,4) -> 0000 | I104: =I103&H104 -> 0001111101010111001110000000
A105: 8 | B105: =MID($D$93, (A105-1)*6+1,6) -> 000110 | C105: =LEFT(B105,1)&(RIGHT(B105,1)) -> 00 | D105: =MID(B105,2,4) -> 0011 | E105: =C105&D105 -> 000011 | F105: =BIN2DEC(E105) -> 3 | G105: =VLOOKUP(F105,Constanst!$M$3:$U$66,9,TRUE) -> 4 | H105: =DEC2BIN(G105,4) -> 0100 | I105: =I104&H105 -> 00011111010101110011100000000100
B107: B= | C107: =I105 -> 00011111010101110011100000000100
A109: Hoán vị P(B)
A111: bit
A112: =MID($C$107,Constanst!X3,1) -> 1
A113: =MID($C$107,Constanst!X4,1) -> 1 | B113: =A112&A113 -> 11
A114: =MID($C$107,Constanst!X5,1) -> 1 | B114: =B113&A114 -> 111
A115: =MID($C$107,Constanst!X6,1) -> 1 | B115: =B114&A115 -> 1111
A116: =MID($C$107,Constanst!X7,1) -> 0 | B116: =B115&A116 -> 11110
A117: =MID($C$107,Constanst!X8,1) -> 1 | B117: =B116&A117 -> 111101
A118: =MID($C$107,Constanst!X9,1) -> 0 | B118: =B117&A118 -> 1111010
A119: =MID($C$107,Constanst!X10,1) -> 0 | B119: =B118&A119 -> 11110100
A120: =MID($C$107,Constanst!X11,1) -> 0 | B120: =B119&A120 -> 111101000
A121: =MID($C$107,Constanst!X12,1) -> 1 | B121: =B120&A121 -> 1111010001
A122: =MID($C$107,Constanst!X13,1) -> 0 | B122: =B121&A122 -> 11110100010
A123: =MID($C$107,Constanst!X14,1) -> 0 | B123: =B122&A123 -> 111101000100
A124: =MID($C$107,Constanst!X15,1) -> 1 | B124: =B123&A124 -> 1111010001001
A125: =MID($C$107,Constanst!X16,1) -> 0 | B125: =B124&A125 -> 11110100010010
... A143: =MID($C$107,Constanst!X34,1) -> 0 | B143: =B142&A143 -> 11110100010010010101000010110010
A145: F=P(B)= | B145: =B143 -> 11110100010010010101000010110010
A147: byte | B147: byte | C147: hexan | D147: dec
A148: 1 | B148: =MID($B$145,(A148-1)*8+1, 8) -> 11110100 | C148: =BIN2HEX(B148,2) -> F4 | D148: =HEX2DEC(C148) -> 244
A149: 2 | B149: =MID($B$145,(A149-1)*8+1, 8) -> 01001001 | C149: =BIN2HEX(B149,2) -> 49 | D149: =HEX2DEC(C149) -> 73
A150: 3 | B150: =MID($B$145,(A150-1)*8+1, 8) -> 01010000 | C150: =BIN2HEX(B150,2) -> 50 | D150: =HEX2DEC(C150) -> 80
A151: 4 | B151: =MID($B$145,(A151-1)*8+1, 8) -> 10110010 | C151: =BIN2HEX(B151,2) -> B2 | D151: =HEX2DEC(C151) -> 178

Sheet f(R4,K5)
A2: =L6 -> K5 | D2: =Input!I5 -> 011111001110110000000111000111111110011011000010
A3: F=P(B)= | B3: {=INDIRECT("'f(" & L5 & "," & L7 & ")'!B145")} -> 11110100010010010101000010110010
A4: =L4 -> L3 | B4: {=INDIRECT("'f(" & L5 & "," & L7 & ")'!C22")} -> 01101000000111000111110110100001 | L4: L3 | M4: L4
A5: =L5 -> R3 | B5: {=INDIRECT("'f(" & L5 & "," & L7 & ")'!C14")} -> 11010101000101001000101100001000 | L5: R3 | M5: R4
L6: K5
A7: F | G7: =L4 -> L3 | L7: K4
A8: byte | B8: byte | C8: hexan | D8: dec | G8: byte | H8: byte | I8: hexan | J8: dec
A9: 1 | B9: =MID($B$3,(A9-1)*8+1, 8) -> 11110100 | C9: =BIN2HEX(B9,2) -> F4 | D9: =HEX2DEC(C9) -> 244 | G9: 1 | H9: =MID($B$4,(G9-1)*8+1, 8) -> 01101000 | I9: =BIN2HEX(H9,2) -> 68 | J9: =HEX2DEC(I9) -> 104
A10: 2 | B10: =MID($B$3,(A10-1)*8+1, 8) -> 01001001 | C10: =BIN2HEX(B10,2) -> 49 | D10: =HEX2DEC(C10) -> 73 | G10: 2 | H10: =MID($B$4,(G10-1)*8+1, 8) -> 00011100 | I10: =BIN2HEX(H10,2) -> 1C | J10: =HEX2DEC(I10) -> 28
A11: 3 | B11: =MID($B$3,(A11-1)*8+1, 8) -> 01010000 | C11: =BIN2HEX(B11,2) -> 50 | D11: =HEX2DEC(C11) -> 80 | G11: 3 | H11: =MID($B$4,(G11-1)*8+1, 8) -> 01111101 | I11: =BIN2HEX(H11,2) -> 7D | J11: =HEX2DEC(I11) -> 125
A12: 4 | B12: =MID($B$3,(A12-1)*8+1, 8) -> 10110010 | C12: =BIN2HEX(B12,2) -> B2 | D12: =HEX2DEC(C12) -> 178 | G12: 4 | H12: =MID($B$4,(G12-1)*8+1, 8) -> 10100001 | I12: =BIN2HEX(H12,2) -> A1 | J12: =HEX2DEC(I12) -> 161
A14: =M5&" = F XOR "&L4&" =" -> R4 = F XOR L3 = | C14: =F17&F18&F19&F20 -> 10011100010101010010110100010011
C16: byte | D16: XOR | E16: HEX | F16: Bin
C17: 1 | D17: =BITXOR(J9,D9) -> 156 | E17: =DEC2HEX(D17,2) -> 9C | F17: =HEX2BIN(E17,8) -> 10011100
C18: 2 | D18: =BITXOR(J10,D10) -> 85 | E18: =DEC2HEX(D18,2) -> 55 | F18: =HEX2BIN(E18,8) -> 01010101
C19: 3 | D19: =BITXOR(J11,D11) -> 45 | E19: =DEC2HEX(D19,2) -> 2D | F19: =HEX2BIN(E19,8) -> 00101101
C20: 4 | D20: =BITXOR(J12,D12) -> 19 | E20: =DEC2HEX(D20,2) -> 13 | F20: =HEX2BIN(E20,8) -> 00010011
A22: =M4&" = "&L5&" =" -> L4 = R3 = | C22: =B5 -> 11010101000101001000101100001000
A24: ="Mở rộng "&M5&" => E("&M5&")" -> Mở rộng R4 => E(R4) | D24: =B26 -> 110011111000001010101010100101011010100010100111
A25: bit
A26: =MID($C$14,Constanst!K3,1) -> 1 | B26: =A26&B27 -> 110011111000001010101010100101011010100010100111
A27: =MID($C$14,Constanst!K4,1) -> 1 | B27: =A27&B28 -> 10011111000001010101010100101011010100010100111
A28: =MID($C$14,Constanst!K5,1) -> 0 | B28: =A28&B29 -> 0011111000001010101010100101011010100010100111
A29: =MID($C$14,Constanst!K6,1) -> 0 | B29: =A29&B30 -> 011111000001010101010100101011010100010100111
A30: =MID($C$14,Constanst!K7,1) -> 1 | B30: =A30&B31 -> 11111000001010101010100101011010100010100111
A31: =MID($C$14,Constanst!K8,1) -> 1 | B31: =A31&B32 -> 1111000001010101010100101011010100010100111
A32: =MID($C$14,Constanst!K9,1) -> 1 | B32: =A32&B33 -> 111000001010101010100101011010100010100111
A33: =MID($C$14,Constanst!K10,1) -> 1 | B33: =A33&B34 -> 11000001010101010100101011010100010100111
A34: =MID($C$14,Constanst!K11,1) -> 1 | B34: =A34&B35 -> 1000001010101010100101011010100010100111
A35: =MID($C$14,Constanst!K12,1) -> 0 | B35: =A35&B36 -> 000001010101010100101011010100010100111
A36: =MID($C$14,Constanst!K13,1) -> 0 | B36: =A36&B37 -> 00001010101010100101011010100010100111
A37: =MID($C$14,Constanst!K14,1) -> 0 | B37: =A37&B38 -> 0001010101010100101011010100010100111
... A71: =MID($C$14,Constanst!K48,1) -> 1 | B71: =A71&B72 -> 111
A72: =MID($C$14,Constanst!K49,1) -> 1 | B72: =A72&A73 -> 11
A73: =MID($C$14,Constanst!K50,1) -> 1
A75: ="Thực hiện phép XOR A = E("&M5&") XOR "&L6 -> Thực hiện phép XOR A = E(R4) XOR K5
A76: ="Khóa " & L6 -> Khóa K5 | G76: ="E("&M5&")" -> E(R4)
A77: byte | B77: byte | C77: hexan | D77: decimal | G77: byte | H77: byte | I77: hexan | J77: decimal
A78: 1 | B78: =MID($D$2,(A78-1)*8+1, 8) -> 01111100 | C78: =BIN2HEX(B78,2) -> 7C | D78: =BIN2DEC(B78) -> 124 | G78: 1 | H78: =MID($D$24,(G78-1)*8+1, 8) -> 11001111 | I78: =BIN2HEX(H78,2) -> CF | J78: =BIN2DEC(H78) -> 207
A79: 2 | B79: =MID($D$2,(A79-1)*8+1, 8) -> 11101100 | C79: =BIN2HEX(B79,2) -> EC | D79: =BIN2DEC(B79) -> 236 | G79: 2 | H79: =MID($D$24,(G79-1)*8+1, 8) -> 10000010 | I79: =BIN2HEX(H79,2) -> 82 | J79: =BIN2DEC(H79) -> 130
A80: 3 | B80: =MID($D$2,(A80-1)*8+1, 8) -> 00000111 | C80: =BIN2HEX(B80,2) -> 07 | D80: =BIN2DEC(B80) -> 7 | G80: 3 | H80: =MID($D$24,(G80-1)*8+1, 8) -> 10101010 | I80: =BIN2HEX(H80,2) -> AA | J80: =BIN2DEC(H80) -> 170
A81: 4 | B81: =MID($D$2,(A81-1)*8+1, 8) -> 00011111 | C81: =BIN2HEX(B81,2) -> 1F | D81: =BIN2DEC(B81) -> 31 | G81: 4 | H81: =MID($D$24,(G81-1)*8+1, 8) -> 10010101 | I81: =BIN2HEX(H81,2) -> 95 | J81: =BIN2DEC(H81) -> 149
A82: 5 | B82: =MID($D$2,(A82-1)*8+1, 8) -> 11100110 | C82: =BIN2HEX(B82,2) -> E6 | D82: =BIN2DEC(B82) -> 230 | G82: 5 | H82: =MID($D$24,(G82-1)*8+1, 8) -> 10101000 | I82: =BIN2HEX(H82,2) -> A8 | J82: =BIN2DEC(H82) -> 168
A83: 6 | B83: =MID($D$2,(A83-1)*8+1, 8) -> 11000010 | C83: =BIN2HEX(B83,2) -> C2 | D83: =BIN2DEC(B83) -> 194 | G83: 6 | H83: =MID($D$24,(G83-1)*8+1, 8) -> 10100111 | I83: =BIN2HEX(H83,2) -> A7 | J83: =BIN2DEC(H83) -> 167
A85: Byte | B85: ="XOR(E"&M5&", "&L6&")" -> XOR(ER4, K5) | C85: Binary | D85: hexan
A86: 1 | B86: =BITXOR(D78,J78) -> 179 | C86: =DEC2BIN(B86,8) -> 10110011 | D86: =BIN2HEX(C86,2) -> B3
A87: 2 | B87: =BITXOR(D79,J79) -> 110 | C87: =DEC2BIN(B87,8) -> 01101110 | D87: =BIN2HEX(C87,2) -> 6E
A88: 3 | B88: =BITXOR(D80,J80) -> 173 | C88: =DEC2BIN(B88,8) -> 10101101 | D88: =BIN2HEX(C88,2) -> AD
A89: 4 | B89: =BITXOR(D81,J81) -> 138 | C89: =DEC2BIN(B89,8) -> 10001010 | D89: =BIN2HEX(C89,2) -> 8A
A90: 5 | B90: =BITXOR(D82,J82) -> 78 | C90: =DEC2BIN(B90,8) -> 01001110 | D90: =BIN2HEX(C90,2) -> 4E
A91: 6 | B91: =BITXOR(D83,J83) -> 101 | C91: =DEC2BIN(B91,8) -> 01100101 | D91: =BIN2HEX(C91,2) -> 65
B93: ="A = E"&M5&" XOR "&L6&" =" -> A = ER4 XOR K5 = | D93: =C86&C87&C88&C89&C90&C91 -> 101100110110111010101101100010100100111001100101
A95: Thực hiện phép thế | E95: Hàng = bit đầu + bit cuối
E96: Cột = 4 bit giữa
A97: cặp 6 bit | C97: hàng | D97: cột | F97: Chỉ số mảng | G97: Tra bảng S
A98: 1 | B98: =MID($D$93, (A98-1)*6+1,6) -> 101100 | C98: =LEFT(B98,1)&(RIGHT(B98,1)) -> 10 | D98: =MID(B98,2,4) -> 0110 | E98: =C98&D98 -> 100110 | F98: =BIN2DEC(E98) -> 38 | G98: =VLOOKUP(F98,Constanst!$M$3:$U$66,2,TRUE) -> 2 | H98: =DEC2BIN(G98,4) -> 0010 | I98: =H98 -> 0010
A99: 2 | B99: =MID($D$93, (A99-1)*6+1,6) -> 110110 | C99: =LEFT(B99,1)&(RIGHT(B99,1)) -> 10 | D99: =MID(B99,2,4) -> 1011 | E99: =C99&D99 -> 101011 | F99: =BIN2DEC(E99) -> 43 | G99: =VLOOKUP(F99,Constanst!$M$3:$U$66,3,TRUE) -> 6 | H99: =DEC2BIN(G99,4) -> 0110 | I99: =I98&H99 -> 00100110
A100: 3 | B100: =MID($D$93, (A100-1)*6+1,6) -> 111010 | C100: =LEFT(B100,1)&(RIGHT(B100,1)) -> 10 | D100: =MID(B100,2,4) -> 1101 | E100: =C100&D100 -> 101101 | F100: =BIN2DEC(E100) -> 45 | G100: =VLOOKUP(F100,Constanst!$M$3:$U$66,4,TRUE) -> 10 | H100: =DEC2BIN(G100,4) -> 1010 | I100: =I99&H100 -> 001001101010
A101: 4 | B101: =MID($D$93, (A101-1)*6+1,6) -> 101101 | C101: =LEFT(B101,1)&(RIGHT(B101,1)) -> 11 | D101: =MID(B101,2,4) -> 0110 | E101: =C101&D101 -> 110110 | F101: =BIN2DEC(E101) -> 54 | G101: =VLOOKUP(F101,Constanst!$M$3:$U$66,5,TRUE) -> 13 | H101: =DEC2BIN(G101,4) -> 1101 | I101: =I100&H101 -> 0010011010101101
A102: 5 | B102: =MID($D$93, (A102-1)*6+1,6) -> 100010 | C102: =LEFT(B102,1)&(RIGHT(B102,1)) -> 10 | D102: =MID(B102,2,4) -> 0001 | E102: =C102&D102 -> 100001 | F102: =BIN2DEC(E102) -> 33 | G102: =VLOOKUP(F102,Constanst!$M$3:$U$66,6,TRUE) -> 2 | H102: =DEC2BIN(G102,4) -> 0010 | I102: =I101&H102 -> 00100110101011010010
A103: 6 | B103: =MID($D$93, (A103-1)*6+1,6) -> 100100 | C103: =LEFT(B103,1)&(RIGHT(B103,1)) -> 10 | D103: =MID(B103,2,4) -> 0010 | E103: =C103&D103 -> 100010 | F103: =BIN2DEC(E103) -> 34 | G103: =VLOOKUP(F103,Constanst!$M$3:$U$66,7,TRUE) -> 15 | H103: =DEC2BIN(G103,4) -> 1111 | I103: =I102&H103 -> 001001101010110100101111
A104: 7 | B104: =MID($D$93, (A104-1)*6+1,6) -> 111001 | C104: =LEFT(B104,1)&(RIGHT(B104,1)) -> 11 | D104: =MID(B104,2,4) -> 1100 | E104: =C104&D104 -> 111100 | F104: =BIN2DEC(E104) -> 60 | G104: =VLOOKUP(F104,Constanst!$M$3:$U$66,8,TRUE) -> 14 | H104: =DEC2BIN(G104,4) -> 1110 | I104: =I103&H104 -> 0010011010101101001011111110
A105: 8 | B105: =MID($D$93, (A105-1)*6+1,6) -> 100101 | C105: =LEFT(B105,1)&(RIGHT(B105,1)) -> 11 | D105: =MID(B105,2,4) -> 0010 | E105: =C105&D105 -> 110010 | F105: =BIN2DEC(E105) -> 50 | G105: =VLOOKUP(F105,Constanst!$M$3:$U$66,9,TRUE) -> 14 | H105: =DEC2BIN(G105,4) -> 1110 | I105: =I104&H105 -> 00100110101011010010111111101110
B107: B= | C107: =I105 -> 00100110101011010010111111101110
A109: Hoán vị P(B)
A111: bit
A112: =MID($C$107,Constanst!X3,1) -> 1
A113: =MID($C$107,Constanst!X4,1) -> 1 | B113: =A112&A113 -> 11
A114: =MID($C$107,Constanst!X5,1) -> 0 | B114: =B113&A114 -> 110
A115: =MID($C$107,Constanst!X6,1) -> 1 | B115: =B114&A115 -> 1101
A116: =MID($C$107,Constanst!X7,1) -> 1 | B116: =B115&A116 -> 11011
A117: =MID($C$107,Constanst!X8,1) -> 0 | B117: =B116&A117 -> 110110
A118: =MID($C$107,Constanst!X9,1) -> 0 | B118: =B117&A118 -> 1101100
A119: =MID($C$107,Constanst!X10,1) -> 0 | B119: =B118&A119 -> 11011000
A120: =MID($C$107,Constanst!X11,1) -> 0 | B120: =B119&A120 -> 110110000
A121: =MID($C$107,Constanst!X12,1) -> 0 | B121: =B120&A121 -> 1101100000
A122: =MID($C$107,Constanst!X13,1) -> 1 | B122: =B121&A122 -> 11011000001
A123: =MID($C$107,Constanst!X14,1) -> 1 | B123: =B122&A123 -> 110110000011
A124: =MID($C$107,Constanst!X15,1) -> 0 | B124: =B123&A124 -> 1101100000110
A125: =MID($C$107,Constanst!X16,1) -> 0 | B125: =B124&A125 -> 11011000001100
... A143: =MID($C$107,Constanst!X34,1) -> 1 | B143: =B142&A143 -> 11011000001100100011011111111101
A145: F=P(B)= | B145: =B143 -> 11011000001100100011011111111101
A147: byte | B147: byte | C147: hexan | D147: dec
A148: 1 | B148: =MID($B$145,(A148-1)*8+1, 8) -> 11011000 | C148: =BIN2HEX(B148,2) -> D8 | D148: =HEX2DEC(C148) -> 216
A149: 2 | B149: =MID($B$145,(A149-1)*8+1, 8) -> 00110010 | C149: =BIN2HEX(B149,2) -> 32 | D149: =HEX2DEC(C149) -> 50
A150: 3 | B150: =MID($B$145,(A150-1)*8+1, 8) -> 00110111 | C150: =BIN2HEX(B150,2) -> 37 | D150: =HEX2DEC(C150) -> 55
A151: 4 | B151: =MID($B$145,(A151-1)*8+1, 8) -> 11111101 | C151: =BIN2HEX(B151,2) -> FD | D151: =HEX2DEC(C151) -> 253

Sheet f(R5,K6)
A2: =L6 -> K6 | D2: =Input!I6 -> 011000111010010100011110001111001100010101000101
A3: F=P(B)= | B3: {=INDIRECT("'f(" & L5 & "," & L7 & ")'!B145")} -> 11011000001100100011011111111101
A4: =L4 -> L4 | B4: {=INDIRECT("'f(" & L5 & "," & L7 & ")'!C22")} -> 11010101000101001000101100001000 | L4: L4 | M4: L5
A5: =L5 -> R4 | B5: {=INDIRECT("'f(" & L5 & "," & L7 & ")'!C14")} -> 10011100010101010010110100010011 | L5: R4 | M5: R5
L6: K6
A7: F | G7: =L4 -> L4 | L7: K5
A8: byte | B8: byte | C8: hexan | D8: dec | G8: byte | H8: byte | I8: hexan | J8: dec
A9: 1 | B9: =MID($B$3,(A9-1)*8+1, 8) -> 11011000 | C9: =BIN2HEX(B9,2) -> D8 | D9: =HEX2DEC(C9) -> 216 | G9: 1 | H9: =MID($B$4,(G9-1)*8+1, 8) -> 11010101 | I9: =BIN2HEX(H9,2) -> D5 | J9: =HEX2DEC(I9) -> 213
A10: 2 | B10: =MID($B$3,(A10-1)*8+1, 8) -> 00110010 | C10: =BIN2HEX(B10,2) -> 32 | D10: =HEX2DEC(C10) -> 50 | G10: 2 | H10: =MID($B$4,(G10-1)*8+1, 8) -> 00010100 | I10: =BIN2HEX(H10,2) -> 14 | J10: =HEX2DEC(I10) -> 20
A11: 3 | B11: =MID($B$3,(A11-1)*8+1, 8) -> 00110111 | C11: =BIN2HEX(B11,2) -> 37 | D11: =HEX2DEC(C11) -> 55 | G11: 3 | H11: =MID($B$4,(G11-1)*8+1, 8) -> 10001011 | I11: =BIN2HEX(H11,2) -> 8B | J11: =HEX2DEC(I11) -> 139
A12: 4 | B12: =MID($B$3,(A12-1)*8+1, 8) -> 11111101 | C12: =BIN2HEX(B12,2) -> FD | D12: =HEX2DEC(C12) -> 253 | G12: 4 | H12: =MID($B$4,(G12-1)*8+1, 8) -> 00001000 | I12: =BIN2HEX(H12,2) -> 08 | J12: =HEX2DEC(I12) -> 8
A14: =M5&" = F XOR "&L4&" =" -> R5 = F XOR L4 = | C14: =F17&F18&F19&F20 -> 00001101001001101011110011110101
C16: byte | D16: XOR | E16: HEX | F16: Bin
C17: 1 | D17: =BITXOR(J9,D9) -> 13 | E17: =DEC2HEX(D17,2) -> 0D | F17: =HEX2BIN(E17,8) -> 00001101
C18: 2 | D18: =BITXOR(J10,D10) -> 38 | E18: =DEC2HEX(D18,2) -> 26 | F18: =HEX2BIN(E18,8) -> 00100110
C19: 3 | D19: =BITXOR(J11,D11) -> 188 | E19: =DEC2HEX(D19,2) -> BC | F19: =HEX2BIN(E19,8) -> 10111100
C20: 4 | D20: =BITXOR(J12,D12) -> 245 | E20: =DEC2HEX(D20,2) -> F5 | F20: =HEX2BIN(E20,8) -> 11110101
A22: =M4&" = "&L5&" =" -> L5 = R4 = | C22: =B5 -> 10011100010101010010110100010011
A24: ="Mở rộng "&M5&" => E("&M5&")" -> Mở rộng R5 => E(R5) | D24: =B26 -> 100001011010100100001101010111111001011110101010
A25: bit
A26: =MID($C$14,Constanst!K3,1) -> 1 | B26: =A26&B27 -> 100001011010100100001101010111111001011110101010
A27: =MID($C$14,Constanst!K4,1) -> 0 | B27: =A27&B28 -> 00001011010100100001101010111111001011110101010
A28: =MID($C$14,Constanst!K5,1) -> 0 | B28: =A28&B29 -> 0001011010100100001101010111111001011110101010
A29: =MID($C$14,Constanst!K6,1) -> 0 | B29: =A29&B30 -> 001011010100100001101010111111001011110101010
A30: =MID($C$14,Constanst!K7,1) -> 0 | B30: =A30&B31 -> 01011010100100001101010111111001011110101010
A31: =MID($C$14,Constanst!K8,1) -> 1 | B31: =A31&B32 -> 1011010100100001101010111111001011110101010
A32: =MID($C$14,Constanst!K9,1) -> 0 | B32: =A32&B33 -> 011010100100001101010111111001011110101010
A33: =MID($C$14,Constanst!K10,1) -> 1 | B33: =A33&B34 -> 11010100100001101010111111001011110101010
A34: =MID($C$14,Constanst!K11,1) -> 1 | B34: =A34&B35 -> 1010100100001101010111111001011110101010
A35: =MID($C$14,Constanst!K12,1) -> 0 | B35: =A35&B36 -> 010100100001101010111111001011110101010
A36: =MID($C$14,Constanst!K13,1) -> 1 | B36: =A36&B37 -> 10100100001101010111111001011110101010
A37: =MID($C$14,Constanst!K14,1) -> 0 | B37: =A37&B38 -> 0100100001101010111111001011110101010
... A71: =MID($C$14,Constanst!K48,1) -> 0 | B71: =A71&B72 -> 010
A72: =MID($C$14,Constanst!K49,1) -> 1 | B72: =A72&A73 -> 10
A73: =MID($C$14,Constanst!K50,1) -> 0
A75: ="Thực hiện phép XOR A = E("&M5&") XOR "&L6 -> Thực hiện phép XOR A = E(R5) XOR K6
A76: ="Khóa " & L6 -> Khóa K6 | G76: ="E("&M5&")" -> E(R5)
A77: byte | B77: byte | C77: hexan | D77: decimal | G77: byte | H77: byte | I77: hexan | J77: decimal
A78: 1 | B78: =MID($D$2,(A78-1)*8+1, 8) -> 01100011 | C78: =BIN2HEX(B78,2) -> 63 | D78: =BIN2DEC(B78) -> 99 | G78: 1 | H78: =MID($D$24,(G78-1)*8+1, 8) -> 10000101 | I78: =BIN2HEX(H78,2) -> 85 | J78: =BIN2DEC(H78) -> 133
A79: 2 | B79: =MID($D$2,(A79-1)*8+1, 8) -> 10100101 | C79: =BIN2HEX(B79,2) -> A5 | D79: =BIN2DEC(B79) -> 165 | G79: 2 | H79: =MID($D$24,(G79-1)*8+1, 8) -> 10101001 | I79: =BIN2HEX(H79,2) -> A9 | J79: =BIN2DEC(H79) -> 169
A80: 3 | B80: =MID($D$2,(A80-1)*8+1, 8) -> 00011110 | C80: =BIN2HEX(B80,2) -> 1E | D80: =BIN2DEC(B80) -> 30 | G80: 3 | H80: =MID($D$24,(G80-1)*8+1, 8) -> 00001101 | I80: =BIN2HEX(H80,2) -> 0D | J80: =BIN2DEC(H80) -> 13
A81: 4 | B81: =MID($D$2,(A81-1)*8+1, 8) -> 00111100 | C81: =BIN2HEX(B81,2) -> 3C | D81: =BIN2DEC(B81) -> 60 | G81: 4 | H81: =MID($D$24,(G81-1)*8+1, 8) -> 01011111 | I81: =BIN2HEX(H81,2) -> 5F | J81: =BIN2DEC(H81) -> 95
A82: 5 | B82: =MID($D$2,(A82-1)*8+1, 8) -> 11000101 | C82: =BIN2HEX(B82,2) -> C5 | D82: =BIN2DEC(B82) -> 197 | G82: 5 | H82: =MID($D$24,(G82-1)*8+1, 8) -> 10010111 | I82: =BIN2HEX(H82,2) -> 97 | J82: =BIN2DEC(H82) -> 151
A83: 6 | B83: =MID($D$2,(A83-1)*8+1, 8) -> 01000101 | C83: =BIN2HEX(B83,2) -> 45 | D83: =BIN2DEC(B83) -> 69 | G83: 6 | H83: =MID($D$24,(G83-1)*8+1, 8) -> 10101010 | I83: =BIN2HEX(H83,2) -> AA | J83: =BIN2DEC(H83) -> 170
A85: Byte | B85: ="XOR(E"&M5&", "&L6&")" -> XOR(ER5, K6) | C85: Binary | D85: hexan
A86: 1 | B86: =BITXOR(D78,J78) -> 230 | C86: =DEC2BIN(B86,8) -> 11100110 | D86: =BIN2HEX(C86,2) -> E6
A87: 2 | B87: =BITXOR(D79,J79) -> 12 | C87: =DEC2BIN(B87,8) -> 00001100 | D87: =BIN2HEX(C87,2) -> 0C
A88: 3 | B88: =BITXOR(D80,J80) -> 19 | C88: =DEC2BIN(B88,8) -> 00010011 | D88: =BIN2HEX(C88,2) -> 13
A89: 4 | B89: =BITXOR(D81,J81) -> 99 | C89: =DEC2BIN(B89,8) -> 01100011 | D89: =BIN2HEX(C89,2) -> 63
A90: 5 | B90: =BITXOR(D82,J82) -> 82 | C90: =DEC2BIN(B90,8) -> 01010010 | D90: =BIN2HEX(C90,2) -> 52
A91: 6 | B91: =BITXOR(D83,J83) -> 239 | C91: =DEC2BIN(B91,8) -> 11101111 | D91: =BIN2HEX(C91,2) -> EF
B93: ="A = E"&M5&" XOR "&L6&" =" -> A = ER5 XOR K6 = | D93: =C86&C87&C88&C89&C90&C91 -> 111001100000110000010011011000110101001011101111
A95: Thực hiện phép thế | E95: Hàng = bit đầu + bit cuối
E96: Cột = 4 bit giữa
A97: cặp 6 bit | C97: hàng | D97: cột | F97: Chỉ số mảng | G97: Tra bảng S
A98: 1 | B98: =MID($D$93, (A98-1)*6+1,6) -> 111001 | C98: =LEFT(B98,1)&(RIGHT(B98,1)) -> 11 | D98: =MID(B98,2,4) -> 1100 | E98: =C98&D98 -> 111100 | F98: =BIN2DEC(E98) -> 60 | G98: =VLOOKUP(F98,Constanst!$M$3:$U$66,2,TRUE) -> 10 | H98: =DEC2BIN(G98,4) -> 1010 | I98: =H98 -> 1010
A99: 2 | B99: =MID($D$93, (A99-1)*6+1,6) -> 100000 | C99: =LEFT(B99,1)&(RIGHT(B99,1)) -> 10 | D99: =MID(B99,2,4) -> 0000 | E99: =C99&D99 -> 100000 | F99: =BIN2DEC(E99) -> 32 | G99: =VLOOKUP(F99,Constanst!$M$3:$U$66,3,TRUE) -> 0 | H99: =DEC2BIN(G99,4) -> 0000 | I99: =I98&H99 -> 10100000
A100: 3 | B100: =MID($D$93, (A100-1)*6+1,6) -> 110000 | C100: =LEFT(B100,1)&(RIGHT(B100,1)) -> 10 | D100: =MID(B100,2,4) -> 1000 | E100: =C100&D100 -> 101000 | F100: =BIN2DEC(E100) -> 40 | G100: =VLOOKUP(F100,Constanst!$M$3:$U$66,4,TRUE) -> 11 | H100: =DEC2BIN(G100,4) -> 1011 | I100: =I99&H100 -> 101000001011
A101: 4 | B101: =MID($D$93, (A101-1)*6+1,6) -> 010011 | C101: =LEFT(B101,1)&(RIGHT(B101,1)) -> 01 | D101: =MID(B101,2,4) -> 1001 | E101: =C101&D101 -> 011001 | F101: =BIN2DEC(E101) -> 25 | G101: =VLOOKUP(F101,Constanst!$M$3:$U$66,5,TRUE) -> 7 | H101: =DEC2BIN(G101,4) -> 0111 | I101: =I100&H101 -> 1010000010110111
A102: 5 | B102: =MID($D$93, (A102-1)*6+1,6) -> 011000 | C102: =LEFT(B102,1)&(RIGHT(B102,1)) -> 00 | D102: =MID(B102,2,4) -> 1100 | E102: =C102&D102 -> 001100 | F102: =BIN2DEC(E102) -> 12 | G102: =VLOOKUP(F102,Constanst!$M$3:$U$66,6,TRUE) -> 13 | H102: =DEC2BIN(G102,4) -> 1101 | I102: =I101&H102 -> 10100000101101111101
A103: 6 | B103: =MID($D$93, (A103-1)*6+1,6) -> 110101 | C103: =LEFT(B103,1)&(RIGHT(B103,1)) -> 11 | D103: =MID(B103,2,4) -> 1010 | E103: =C103&D103 -> 111010 | F103: =BIN2DEC(E103) -> 58 | G103: =VLOOKUP(F103,Constanst!$M$3:$U$66,7,TRUE) -> 1 | H103: =DEC2BIN(G103,4) -> 0001 | I103: =I102&H103 -> 101000001011011111010001
A104: 7 | B104: =MID($D$93, (A104-1)*6+1,6) -> 001011 | C104: =LEFT(B104,1)&(RIGHT(B104,1)) -> 01 | D104: =MID(B104,2,4) -> 0101 | E104: =C104&D104 -> 010101 | F104: =BIN2DEC(E104) -> 21 | G104: =VLOOKUP(F104,Constanst!$M$3:$U$66,8,TRUE) -> 9 | H104: =DEC2BIN(G104,4) -> 1001 | I104: =I103&H104 -> 1010000010110111110100011001
A105: 8 | B105: =MID($D$93, (A105-1)*6+1,6) -> 101111 | C105: =LEFT(B105,1)&(RIGHT(B105,1)) -> 11 | D105: =MID(B105,2,4) -> 0111 | E105: =C105&D105 -> 110111 | F105: =BIN2DEC(E105) -> 55 | G105: =VLOOKUP(F105,Constanst!$M$3:$U$66,9,TRUE) -> 13 | H105: =DEC2BIN(G105,4) -> 1101 | I105: =I104&H105 -> 10100000101101111101000110011101
B107: B= | C107: =I105 -> 10100000101101111101000110011101
A109: Hoán vị P(B)
A111: bit
A112: =MID($C$107,Constanst!X3,1) -> 1
A113: =MID($C$107,Constanst!X4,1) -> 0 | B113: =A112&A113 -> 10
A114: =MID($C$107,Constanst!X5,1) -> 1 | B114: =B113&A114 -> 101
A115: =MID($C$107,Constanst!X6,1) -> 0 | B115: =B114&A115 -> 1010
A116: =MID($C$107,Constanst!X7,1) -> 1 | B116: =B115&A116 -> 10101
A117: =MID($C$107,Constanst!X8,1) -> 1 | B117: =B116&A117 -> 101011
A118: =MID($C$107,Constanst!X9,1) -> 1 | B118: =B117&A118 -> 1010111
A119: =MID($C$107,Constanst!X10,1) -> 1 | B119: =B118&A119 -> 10101111
A120: =MID($C$107,Constanst!X11,1) -> 1 | B120: =B119&A120 -> 101011111
A121: =MID($C$107,Constanst!X12,1) -> 1 | B121: =B120&A121 -> 1010111111
A122: =MID($C$107,Constanst!X13,1) -> 0 | B122: =B121&A122 -> 10101111110
A123: =MID($C$107,Constanst!X14,1) -> 0 | B123: =B122&A123 -> 101011111100
A124: =MID($C$107,Constanst!X15,1) -> 0 | B124: =B123&A124 -> 1010111111000
A125: =MID($C$107,Constanst!X16,1) -> 1 | B125: =B124&A125 -> 10101111110001
... A143: =MID($C$107,Constanst!X34,1) -> 1 | B143: =B142&A143 -> 10101111110001000011101100100101
A145: F=P(B)= | B145: =B143 -> 10101111110001000011101100100101
A147: byte | B147: byte | C147: hexan | D147: dec
A148: 1 | B148: =MID($B$145,(A148-1)*8+1, 8) -> 10101111 | C148: =BIN2HEX(B148,2) -> AF | D148: =HEX2DEC(C148) -> 175
A149: 2 | B149: =MID($B$145,(A149-1)*8+1, 8) -> 11000100 | C149: =BIN2HEX(B149,2) -> C4 | D149: =HEX2DEC(C149) -> 196
A150: 3 | B150: =MID($B$145,(A150-1)*8+1, 8) -> 00111011 | C150: =BIN2HEX(B150,2) -> 3B | D150: =HEX2DEC(C150) -> 59
A151: 4 | B151: =MID($B$145,(A151-1)*8+1, 8) -> 00100101 | C151: =BIN2HEX(B151,2) -> 25 | D151: =HEX2DEC(C151) -> 37

Sheet f(R6,K7)
A2: =L6 -> K7 | D2: =Input!I7 -> 011011001000010010110111100010101110010011000110
A3: F=P(B)= | B3: {=INDIRECT("'f(" & L5 & "," & L7 & ")'!B145")} -> 10101111110001000011101100100101
A4: =L4 -> L5 | B4: {=INDIRECT("'f(" & L5 & "," & L7 & ")'!C22")} -> 10011100010101010010110100010011 | L4: L5 | M4: L6
A5: =L5 -> R5 | B5: {=INDIRECT("'f(" & L5 & "," & L7 & ")'!C14")} -> 00001101001001101011110011110101 | L5: R5 | M5: R6
L6: K7
A7: F | G7: =L4 -> L5 | L7: K6
A8: byte | B8: byte | C8: hexan | D8: dec | G8: byte | H8: byte | I8: hexan | J8: dec
A9: 1 | B9: =MID($B$3,(A9-1)*8+1, 8) -> 10101111 | C9: =BIN2HEX(B9,2) -> AF | D9: =HEX2DEC(C9) -> 175 | G9: 1 | H9: =MID($B$4,(G9-1)*8+1, 8) -> 10011100 | I9: =BIN2HEX(H9,2) -> 9C | J9: =HEX2DEC(I9) -> 156
A10: 2 | B10: =MID($B$3,(A10-1)*8+1, 8) -> 11000100 | C10: =BIN2HEX(B10,2) -> C4 | D10: =HEX2DEC(C10) -> 196 | G10: 2 | H10: =MID($B$4,(G10-1)*8+1, 8) -> 01010101 | I10: =BIN2HEX(H10,2) -> 55 | J10: =HEX2DEC(I10) -> 85
A11: 3 | B11: =MID($B$3,(A11-1)*8+1, 8) -> 00111011 | C11: =BIN2HEX(B11,2) -> 3B | D11: =HEX2DEC(C11) -> 59 | G11: 3 | H11: =MID($B$4,(G11-1)*8+1, 8) -> 00101101 | I11: =BIN2HEX(H11,2) -> 2D | J11: =HEX2DEC(I11) -> 45
A12: 4 | B12: =MID($B$3,(A12-1)*8+1, 8) -> 00100101 | C12: =BIN2HEX(B12,2) -> 25 | D12: =HEX2DEC(C12) -> 37 | G12: 4 | H12: =MID($B$4,(G12-1)*8+1, 8) -> 00010011 | I12: =BIN2HEX(H12,2) -> 13 | J12: =HEX2DEC(I12) -> 19
A14: =M5&" = F XOR "&L4&" =" -> R6 = F XOR L5 = | C14: =F17&F18&F19&F20 -> 00110011100100010001011000110110
C16: byte | D16: XOR | E16: HEX | F16: Bin
C17: 1 | D17: =BITXOR(J9,D9) -> 51 | E17: =DEC2HEX(D17,2) -> 33 | F17: =HEX2BIN(E17,8) -> 00110011
C18: 2 | D18: =BITXOR(J10,D10) -> 145 | E18: =DEC2HEX(D18,2) -> 91 | F18: =HEX2BIN(E18,8) -> 10010001
C19: 3 | D19: =BITXOR(J11,D11) -> 22 | E19: =DEC2HEX(D19,2) -> 16 | F19: =HEX2BIN(E19,8) -> 00010110
C20: 4 | D20: =BITXOR(J12,D12) -> 54 | E20: =DEC2HEX(D20,2) -> 36 | F20: =HEX2BIN(E20,8) -> 00110110
A22: =M4&" = "&L5&" =" -> L6 = R5 = | C22: =B5 -> 00001101001001101011110011110101
A24: ="Mở rộng "&M5&" => E("&M5&")" -> Mở rộng R6 => E(R6) | D24: =B26 -> 000110100111110010100010100010101100000110101100
A25: bit
A26: =MID($C$14,Constanst!K3,1) -> 0 | B26: =A26&B27 -> 000110100111110010100010100010101100000110101100
A27: =MID($C$14,Constanst!K4,1) -> 0 | B27: =A27&B28 -> 00110100111110010100010100010101100000110101100
A28: =MID($C$14,Constanst!K5,1) -> 0 | B28: =A28&B29 -> 0110100111110010100010100010101100000110101100
A29: =MID($C$14,Constanst!K6,1) -> 1 | B29: =A29&B30 -> 110100111110010100010100010101100000110101100
A30: =MID($C$14,Constanst!K7,1) -> 1 | B30: =A30&B31 -> 10100111110010100010100010101100000110101100
A31: =MID($C$14,Constanst!K8,1) -> 0 | B31: =A31&B32 -> 0100111110010100010100010101100000110101100
A32: =MID($C$14,Constanst!K9,1) -> 1 | B32: =A32&B33 -> 100111110010100010100010101100000110101100
A33: =MID($C$14,Constanst!K10,1) -> 0 | B33: =A33&B34 -> 00111110010100010100010101100000110101100
A34: =MID($C$14,Constanst!K11,1) -> 0 | B34: =A34&B35 -> 0111110010100010100010101100000110101100
A35: =MID($C$14,Constanst!K12,1) -> 1 | B35: =A35&B36 -> 111110010100010100010101100000110101100
A36: =MID($C$14,Constanst!K13,1) -> 1 | B36: =A36&B37 -> 11110010100010100010101100000110101100
A37: =MID($C$14,Constanst!K14,1) -> 1 | B37: =A37&B38 -> 1110010100010100010101100000110101100
... A71: =MID($C$14,Constanst!K48,1) -> 1 | B71: =A71&B72 -> 100
A72: =MID($C$14,Constanst!K49,1) -> 0 | B72: =A72&A73 -> 00
A73: =MID($C$14,Constanst!K50,1) -> 0
A75: ="Thực hiện phép XOR A = E("&M5&") XOR "&L6 -> Thực hiện phép XOR A = E(R6) XOR K7
A76: ="Khóa " & L6 -> Khóa K7 | G76: ="E("&M5&")" -> E(R6)
A77: byte | B77: byte | C77: hexan | D77: decimal | G77: byte | H77: byte | I77: hexan | J77: decimal
A78: 1 | B78: =MID($D$2,(A78-1)*8+1, 8) -> 01101100 | C78: =BIN2HEX(B78,2) -> 6C | D78: =BIN2DEC(B78) -> 108 | G78: 1 | H78: =MID($D$24,(G78-1)*8+1, 8) -> 00011010 | I78: =BIN2HEX(H78,2) -> 1A | J78: =BIN2DEC(H78) -> 26
A79: 2 | B79: =MID($D$2,(A79-1)*8+1, 8) -> 10000100 | C79: =BIN2HEX(B79,2) -> 84 | D79: =BIN2DEC(B79) -> 132 | G79: 2 | H79: =MID($D$24,(G79-1)*8+1, 8) -> 01111100 | I79: =BIN2HEX(H79,2) -> 7C | J79: =BIN2DEC(H79) -> 124
A80: 3 | B80: =MID($D$2,(A80-1)*8+1, 8) -> 10110111 | C80: =BIN2HEX(B80,2) -> B7 | D80: =BIN2DEC(B80) -> 183 | G80: 3 | H80: =MID($D$24,(G80-1)*8+1, 8) -> 10100010 | I80: =BIN2HEX(H80,2) -> A2 | J80: =BIN2DEC(H80) -> 162
A81: 4 | B81: =MID($D$2,(A81-1)*8+1, 8) -> 10001010 | C81: =BIN2HEX(B81,2) -> 8A | D81: =BIN2DEC(B81) -> 138 | G81: 4 | H81: =MID($D$24,(G81-1)*8+1, 8) -> 10001010 | I81: =BIN2HEX(H81,2) -> 8A | J81: =BIN2DEC(H81) -> 138
A82: 5 | B82: =MID($D$2,(A82-1)*8+1, 8) -> 11100100 | C82: =BIN2HEX(B82,2) -> E4 | D82: =BIN2DEC(B82) -> 228 | G82: 5 | H82: =MID($D$24,(G82-1)*8+1, 8) -> 11000001 | I82: =BIN2HEX(H82,2) -> C1 | J82: =BIN2DEC(H82) -> 193
A83: 6 | B83: =MID($D$2,(A83-1)*8+1, 8) -> 11000110 | C83: =BIN2HEX(B83,2) -> C6 | D83: =BIN2DEC(B83) -> 198 | G83: 6 | H83: =MID($D$24,(G83-1)*8+1, 8) -> 10101100 | I83: =BIN2HEX(H83,2) -> AC | J83: =BIN2DEC(H83) -> 172
A85: Byte | B85: ="XOR(E"&M5&", "&L6&")" -> XOR(ER6, K7) | C85: Binary | D85: hexan
A86: 1 | B86: =BITXOR(D78,J78) -> 118 | C86: =DEC2BIN(B86,8) -> 01110110 | D86: =BIN2HEX(C86,2) -> 76
A87: 2 | B87: =BITXOR(D79,J79) -> 248 | C87: =DEC2BIN(B87,8) -> 11111000 | D87: =BIN2HEX(C87,2) -> F8
A88: 3 | B88: =BITXOR(D80,J80) -> 21 | C88: =DEC2BIN(B88,8) -> 00010101 | D88: =BIN2HEX(C88,2) -> 15
A89: 4 | B89: =BITXOR(D81,J81) -> 0 | C89: =DEC2BIN(B89,8) -> 00000000 | D89: =BIN2HEX(C89,2) -> 00
A90: 5 | B90: =BITXOR(D82,J82) -> 37 | C90: =DEC2BIN(B90,8) -> 00100101 | D90: =BIN2HEX(C90,2) -> 25
A91: 6 | B91: =BITXOR(D83,J83) -> 106 | C91: =DEC2BIN(B91,8) -> 01101010 | D91: =BIN2HEX(C91,2) -> 6A
B93: ="A = E"&M5&" XOR "&L6&" =" -> A = ER6 XOR K7 = | D93: =C86&C87&C88&C89&C90&C91 -> 011101101111100000010101000000000010010101101010
A95: Thực hiện phép thế | E95: Hàng = bit đầu + bit cuối
E96: Cột = 4 bit giữa
A97: cặp 6 bit | C97: hàng | D97: cột | F97: Chỉ số mảng | G97: Tra bảng S
A98: 1 | B98: =MID($D$93, (A98-1)*6+1,6) -> 011101 | C98: =LEFT(B98,1)&(RIGHT(B98,1)) -> 01 | D98: =MID(B98,2,4) -> 1110 | E98: =C98&D98 -> 011110 | F98: =BIN2DEC(E98) -> 30 | G98: =VLOOKUP(F98,Constanst!$M$3:$U$66,2,TRUE) -> 3 | H98: =DEC2BIN(G98,4) -> 0011 | I98: =H98 -> 0011
A99: 2 | B99: =MID($D$93, (A99-1)*6+1,6) -> 101111 | C99: =LEFT(B99,1)&(RIGHT(B99,1)) -> 11 | D99: =MID(B99,2,4) -> 0111 | E99: =C99&D99 -> 110111 | F99: =BIN2DEC(E99) -> 55 | G99: =VLOOKUP(F99,Constanst!$M$3:$U$66,3,TRUE) -> 2 | H99: =DEC2BIN(G99,4) -> 0010 | I99: =I98&H99 -> 00110010
A100: 3 | B100: =MID($D$93, (A100-1)*6+1,6) -> 100000 | C100: =LEFT(B100,1)&(RIGHT(B100,1)) -> 10 | D100: =MID(B100,2,4) -> 0000 | E100: =C100&D100 -> 100000 | F100: =BIN2DEC(E100) -> 32 | G100: =VLOOKUP(F100,Constanst!$M$3:$U$66,4,TRUE) -> 13 | H100: =DEC2BIN(G100,4) -> 1101 | I100: =I99&H100 -> 001100101101
A101: 4 | B101: =MID($D$93, (A101-1)*6+1,6) -> 010101 | C101: =LEFT(B101,1)&(RIGHT(B101,1)) -> 01 | D101: =MID(B101,2,4) -> 1010 | E101: =C101&D101 -> 011010 | F101: =BIN2DEC(E101) -> 26 | G101: =VLOOKUP(F101,Constanst!$M$3:$U$66,5,TRUE) -> 2 | H101: =DEC2BIN(G101,4) -> 0010 | I101: =I100&H101 -> 0011001011010010
A102: 5 | B102: =MID($D$93, (A102-1)*6+1,6) -> 000000 | C102: =LEFT(B102,1)&(RIGHT(B102,1)) -> 00 | D102: =MID(B102,2,4) -> 0000 | E102: =C102&D102 -> 000000 | F102: =BIN2DEC(E102) -> 0 | G102: =VLOOKUP(F102,Constanst!$M$3:$U$66,6,TRUE) -> 2 | H102: =DEC2BIN(G102,4) -> 0010 | I102: =I101&H102 -> 00110010110100100010
A103: 6 | B103: =MID($D$93, (A103-1)*6+1,6) -> 000010 | C103: =LEFT(B103,1)&(RIGHT(B103,1)) -> 00 | D103: =MID(B103,2,4) -> 0001 | E103: =C103&D103 -> 000001 | F103: =BIN2DEC(E103) -> 1 | G103: =VLOOKUP(F103,Constanst!$M$3:$U$66,7,TRUE) -> 1 | H103: =DEC2BIN(G103,4) -> 0001 | I103: =I102&H103 -> 001100101101001000100001
A104: 7 | B104: =MID($D$93, (A104-1)*6+1,6) -> 010101 | C104: =LEFT(B104,1)&(RIGHT(B104,1)) -> 01 | D104: =MID(B104,2,4) -> 1010 | E104: =C104&D104 -> 011010 | F104: =BIN2DEC(E104) -> 26 | G104: =VLOOKUP(F104,Constanst!$M$3:$U$66,8,TRUE) -> 5 | H104: =DEC2BIN(G104,4) -> 0101 | I104: =I103&H104 -> 0011001011010010001000010101
A105: 8 | B105: =MID($D$93, (A105-1)*6+1,6) -> 101010 | C105: =LEFT(B105,1)&(RIGHT(B105,1)) -> 10 | D105: =MID(B105,2,4) -> 0101 | E105: =C105&D105 -> 100101 | F105: =BIN2DEC(E105) -> 37 | G105: =VLOOKUP(F105,Constanst!$M$3:$U$66,9,TRUE) -> 12 | H105: =DEC2BIN(G105,4) -> 1100 | I105: =I104&H105 -> 00110010110100100010000101011100
B107: B= | C107: =I105 -> 00110010110100100010000101011100
A109: Hoán vị P(B)
A111: bit
A112: =MID($C$107,Constanst!X3,1) -> 0
A113: =MID($C$107,Constanst!X4,1) -> 1 | B113: =A112&A113 -> 01
A114: =MID($C$107,Constanst!X5,1) -> 0 | B114: =B113&A114 -> 010
A115: =MID($C$107,Constanst!X6,1) -> 0 | B115: =B114&A115 -> 0100
A116: =MID($C$107,Constanst!X7,1) -> 1 | B116: =B115&A116 -> 01001
A117: =MID($C$107,Constanst!X8,1) -> 1 | B117: =B116&A117 -> 010011
A118: =MID($C$107,Constanst!X9,1) -> 1 | B118: =B117&A118 -> 0100111
A119: =MID($C$107,Constanst!X10,1) -> 0 | B119: =B118&A119 -> 01001110
A120: =MID($C$107,Constanst!X11,1) -> 0 | B120: =B119&A120 -> 010011100
A121: =MID($C$107,Constanst!X12,1) -> 1 | B121: =B120&A121 -> 0100111001
A122: =MID($C$107,Constanst!X13,1) -> 0 | B122: =B121&A122 -> 01001110010
A123: =MID($C$107,Constanst!X14,1) -> 1 | B123: =B122&A123 -> 010011100101
A124: =MID($C$107,Constanst!X15,1) -> 0 | B124: =B123&A124 -> 0100111001010
A125: =MID($C$107,Constanst!X16,1) -> 0 | B125: =B124&A125 -> 01001110010100
... A143: =MID($C$107,Constanst!X34,1) -> 0 | B143: =B142&A143 -> 01001110010100010010001110100010
A145: F=P(B)= | B145: =B143 -> 01001110010100010010001110100010
A147: byte | B147: byte | C147: hexan | D147: dec
A148: 1 | B148: =MID($B$145,(A148-1)*8+1, 8) -> 01001110 | C148: =BIN2HEX(B148,2) -> 4E | D148: =HEX2DEC(C148) -> 78
A149: 2 | B149: =MID($B$145,(A149-1)*8+1, 8) -> 01010001 | C149: =BIN2HEX(B149,2) -> 51 | D149: =HEX2DEC(C149) -> 81
A150: 3 | B150: =MID($B$145,(A150-1)*8+1, 8) -> 00100011 | C150: =BIN2HEX(B150,2) -> 23 | D150: =HEX2DEC(C150) -> 35
A151: 4 | B151: =MID($B$145,(A151-1)*8+1, 8) -> 10100010 | C151: =BIN2HEX(B151,2) -> A2 | D151: =HEX2DEC(C151) -> 162

Sheet f(R7,K8)
A2: =L6 -> K8 | D2: =Input!I8 -> 111101111000100000111010111011001110011110000001
A3: F=P(B)= | B3: {=INDIRECT("'f(" & L5 & "," & L7 & ")'!B145")} -> 01001110010100010010001110100010
A4: =L4 -> L6 | B4: {=INDIRECT("'f(" & L5 & "," & L7 & ")'!C22")} -> 00001101001001101011110011110101 | L4: L6 | M4: L7
A5: =L5 -> R6 | B5: {=INDIRECT("'f(" & L5 & "," & L7 & ")'!C14")} -> 00110011100100010001011000110110 | L5: R6 | M5: R7
L6: K8
A7: F | G7: =L4 -> L6 | L7: K7
A8: byte | B8: byte | C8: hexan | D8: dec | G8: byte | H8: byte | I8: hexan | J8: dec
A9: 1 | B9: =MID($B$3,(A9-1)*8+1, 8) -> 01001110 | C9: =BIN2HEX(B9,2) -> 4E | D9: =HEX2DEC(C9) -> 78 | G9: 1 | H9: =MID($B$4,(G9-1)*8+1, 8) -> 00001101 | I9: =BIN2HEX(H9,2) -> 0D | J9: =HEX2DEC(I9) -> 13
A10: 2 | B10: =MID($B$3,(A10-1)*8+1, 8) -> 01010001 | C10: =BIN2HEX(B10,2) -> 51 | D10: =HEX2DEC(C10) -> 81 | G10: 2 | H10: =MID($B$4,(G10-1)*8+1, 8) -> 00100110 | I10: =BIN2HEX(H10,2) -> 26 | J10: =HEX2DEC(I10) -> 38
A11: 3 | B11: =MID($B$3,(A11-1)*8+1, 8) -> 00100011 | C11: =BIN2HEX(B11,2) -> 23 | D11: =HEX2DEC(C11) -> 35 | G11: 3 | H11: =MID($B$4,(G11-1)*8+1, 8) -> 10111100 | I11: =BIN2HEX(H11,2) -> BC | J11: =HEX2DEC(I11) -> 188
A12: 4 | B12: =MID($B$3,(A12-1)*8+1, 8) -> 10100010 | C12: =BIN2HEX(B12,2) -> A2 | D12: =HEX2DEC(C12) -> 162 | G12: 4 | H12: =MID($B$4,(G12-1)*8+1, 8) -> 11110101 | I12: =BIN2HEX(H12,2) -> F5 | J12: =HEX2DEC(I12) -> 245
A14: =M5&" = F XOR "&L4&" =" -> R7 = F XOR L6 = | C14: =F17&F18&F19&F20 -> 01000011011101111001111101010111
C16: byte | D16: XOR | E16: HEX | F16: Bin
C17: 1 | D17: =BITXOR(J9,D9) -> 67 | E17: =DEC2HEX(D17,2) -> 43 | F17: =HEX2BIN(E17,8) -> 01000011
C18: 2 | D18: =BITXOR(J10,D10) -> 119 | E18: =DEC2HEX(D18,2) -> 77 | F18: =HEX2BIN(E18,8) -> 01110111
C19: 3 | D19: =BITXOR(J11,D11) -> 159 | E19: =DEC2HEX(D19,2) -> 9F | F19: =HEX2BIN(E19,8) -> 10011111
C20: 4 | D20: =BITXOR(J12,D12) -> 87 | E20: =DEC2HEX(D20,2) -> 57 | F20: =HEX2BIN(E20,8) -> 01010111
A22: =M4&" = "&L5&" =" -> L7 = R6 = | C22: =B5 -> 00110011100100010001011000110110
A24: ="Mở rộng "&M5&" => E("&M5&")" -> Mở rộng R7 => E(R7) | D24: =B26 -> 101000000110101110101111110011111110101010101110
A25: bit
A26: =MID($C$14,Constanst!K3,1) -> 1 | B26: =A26&B27 -> 101000000110101110101111110011111110101010101110
A27: =MID($C$14,Constanst!K4,1) -> 0 | B27: =A27&B28 -> 01000000110101110101111110011111110101010101110
A28: =MID($C$14,Constanst!K5,1) -> 1 | B28: =A28&B29 -> 1000000110101110101111110011111110101010101110
A29: =MID($C$14,Constanst!K6,1) -> 0 | B29: =A29&B30 -> 000000110101110101111110011111110101010101110
A30: =MID($C$14,Constanst!K7,1) -> 0 | B30: =A30&B31 -> 00000110101110101111110011111110101010101110
A31: =MID($C$14,Constanst!K8,1) -> 0 | B31: =A31&B32 -> 0000110101110101111110011111110101010101110
A32: =MID($C$14,Constanst!K9,1) -> 0 | B32: =A32&B33 -> 000110101110101111110011111110101010101110
A33: =MID($C$14,Constanst!K10,1) -> 0 | B33: =A33&B34 -> 00110101110101111110011111110101010101110
A34: =MID($C$14,Constanst!K11,1) -> 0 | B34: =A34&B35 -> 0110101110101111110011111110101010101110
A35: =MID($C$14,Constanst!K12,1) -> 1 | B35: =A35&B36 -> 110101110101111110011111110101010101110
A36: =MID($C$14,Constanst!K13,1) -> 1 | B36: =A36&B37 -> 10101110101111110011111110101010101110
A37: =MID($C$14,Constanst!K14,1) -> 0 | B37: =A37&B38 -> 0101110101111110011111110101010101110
... A71: =MID($C$14,Constanst!K48,1) -> 1 | B71: =A71&B72 -> 110
A72: =MID($C$14,Constanst!K49,1) -> 1 | B72: =A72&A73 -> 10
A73: =MID($C$14,Constanst!K50,1) -> 0
A75: ="Thực hiện phép XOR A = E("&M5&") XOR "&L6 -> Thực hiện phép XOR A = E(R7) XOR K8
A76: ="Khóa " & L6 -> Khóa K8 | G76: ="E("&M5&")" -> E(R7)
A77: byte | B77: byte | C77: hexan | D77: decimal | G77: byte | H77: byte | I77: hexan | J77: decimal
A78: 1 | B78: =MID($D$2,(A78-1)*8+1, 8) -> 11110111 | C78: =BIN2HEX(B78,2) -> F7 | D78: =BIN2DEC(B78) -> 247 | G78: 1 | H78: =MID($D$24,(G78-1)*8+1, 8) -> 10100000 | I78: =BIN2HEX(H78,2) -> A0 | J78: =BIN2DEC(H78) -> 160
A79: 2 | B79: =MID($D$2,(A79-1)*8+1, 8) -> 10001000 | C79: =BIN2HEX(B79,2) -> 88 | D79: =BIN2DEC(B79) -> 136 | G79: 2 | H79: =MID($D$24,(G79-1)*8+1, 8) -> 01101011 | I79: =BIN2HEX(H79,2) -> 6B | J79: =BIN2DEC(H79) -> 107
A80: 3 | B80: =MID($D$2,(A80-1)*8+1, 8) -> 00111010 | C80: =BIN2HEX(B80,2) -> 3A | D80: =BIN2DEC(B80) -> 58 | G80: 3 | H80: =MID($D$24,(G80-1)*8+1, 8) -> 10101111 | I80: =BIN2HEX(H80,2) -> AF | J80: =BIN2DEC(H80) -> 175
A81: 4 | B81: =MID($D$2,(A81-1)*8+1, 8) -> 11101100 | C81: =BIN2HEX(B81,2) -> EC | D81: =BIN2DEC(B81) -> 236 | G81: 4 | H81: =MID($D$24,(G81-1)*8+1, 8) -> 11001111 | I81: =BIN2HEX(H81,2) -> CF | J81: =BIN2DEC(H81) -> 207
A82: 5 | B82: =MID($D$2,(A82-1)*8+1, 8) -> 11100111 | C82: =BIN2HEX(B82,2) -> E7 | D82: =BIN2DEC(B82) -> 231 | G82: 5 | H82: =MID($D$24,(G82-1)*8+1, 8) -> 11101010 | I82: =BIN2HEX(H82,2) -> EA | J82: =BIN2DEC(H82) -> 234
A83: 6 | B83: =MID($D$2,(A83-1)*8+1, 8) -> 10000001 | C83: =BIN2HEX(B83,2) -> 81 | D83: =BIN2DEC(B83) -> 129 | G83: 6 | H83: =MID($D$24,(G83-1)*8+1, 8) -> 10101110 | I83: =BIN2HEX(H83,2) -> AE | J83: =BIN2DEC(H83) -> 174
A85: Byte | B85: ="XOR(E"&M5&", "&L6&")" -> XOR(ER7, K8) | C85: Binary | D85: hexan
A86: 1 | B86: =BITXOR(D78,J78) -> 87 | C86: =DEC2BIN(B86,8) -> 01010111 | D86: =BIN2HEX(C86,2) -> 57
A87: 2 | B87: =BITXOR(D79,J79) -> 227 | C87: =DEC2BIN(B87,8) -> 11100011 | D87: =BIN2HEX(C87,2) -> E3
A88: 3 | B88: =BITXOR(D80,J80) -> 149 | C88: =DEC2BIN(B88,8) -> 10010101 | D88: =BIN2HEX(C88,2) -> 95
A89: 4 | B89: =BITXOR(D81,J81) -> 35 | C89: =DEC2BIN(B89,8) -> 00100011 | D89: =BIN2HEX(C89,2) -> 23
A90: 5 | B90: =BITXOR(D82,J82) -> 13 | C90: =DEC2BIN(B90,8) -> 00001101 | D90: =BIN2HEX(C90,2) -> 0D
A91: 6 | B91: =BITXOR(D83,J83) -> 47 | C91: =DEC2BIN(B91,8) -> 00101111 | D91: =BIN2HEX(C91,2) -> 2F
B93: ="A = E"&M5&" XOR "&L6&" =" -> A = ER7 XOR K8 = | D93: =C86&C87&C88&C89&C90&C91 -> 010101111110001110010101001000110000110100101111
A95: Thực hiện phép thế | E95: Hàng = bit đầu + bit cuối
E96: Cột = 4 bit giữa
A97: cặp 6 bit | C97: hàng | D97: cột | F97: Chỉ số mảng | G97: Tra bảng S
A98: 1 | B98: =MID($D$93, (A98-1)*6+1,6) -> 010101 | C98: =LEFT(B98,1)&(RIGHT(B98,1)) -> 01 | D98: =MID(B98,2,4) -> 1010 | E98: =C98&D98 -> 011010 | F98: =BIN2DEC(E98) -> 26 | G98: =VLOOKUP(F98,Constanst!$M$3:$U$66,2,TRUE) -> 12 | H98: =DEC2BIN(G98,4) -> 1100 | I98: =H98 -> 1100
A99: 2 | B99: =MID($D$93, (A99-1)*6+1,6) -> 111110 | C99: =LEFT(B99,1)&(RIGHT(B99,1)) -> 10 | D99: =MID(B99,2,4) -> 1111 | E99: =C99&D99 -> 101111 | F99: =BIN2DEC(E99) -> 47 | G99: =VLOOKUP(F99,Constanst!$M$3:$U$66,3,TRUE) -> 15 | H99: =DEC2BIN(G99,4) -> 1111 | I99: =I98&H99 -> 11001111
A100: 3 | B100: =MID($D$93, (A100-1)*6+1,6) -> 001110 | C100: =LEFT(B100,1)&(RIGHT(B100,1)) -> 00 | D100: =MID(B100,2,4) -> 0111 | E100: =C100&D100 -> 000111 | F100: =BIN2DEC(E100) -> 7 | G100: =VLOOKUP(F100,Constanst!$M$3:$U$66,4,TRUE) -> 5 | H100: =DEC2BIN(G100,4) -> 0101 | I100: =I99&H100 -> 110011110101
A101: 4 | B101: =MID($D$93, (A101-1)*6+1,6) -> 010101 | C101: =LEFT(B101,1)&(RIGHT(B101,1)) -> 01 | D101: =MID(B101,2,4) -> 1010 | E101: =C101&D101 -> 011010 | F101: =BIN2DEC(E101) -> 26 | G101: =VLOOKUP(F101,Constanst!$M$3:$U$66,5,TRUE) -> 2 | H101: =DEC2BIN(G101,4) -> 0010 | I101: =I100&H101 -> 1100111101010010
A102: 5 | B102: =MID($D$93, (A102-1)*6+1,6) -> 001000 | C102: =LEFT(B102,1)&(RIGHT(B102,1)) -> 00 | D102: =MID(B102,2,4) -> 0100 | E102: =C102&D102 -> 000100 | F102: =BIN2DEC(E102) -> 4 | G102: =VLOOKUP(F102,Constanst!$M$3:$U$66,6,TRUE) -> 7 | H102: =DEC2BIN(G102,4) -> 0111 | I102: =I101&H102 -> 11001111010100100111
A103: 6 | B103: =MID($D$93, (A103-1)*6+1,6) -> 110000 | C103: =LEFT(B103,1)&(RIGHT(B103,1)) -> 10 | D103: =MID(B103,2,4) -> 1000 | E103: =C103&D103 -> 101000 | F103: =BIN2DEC(E103) -> 40 | G103: =VLOOKUP(F103,Constanst!$M$3:$U$66,7,TRUE) -> 7 | H103: =DEC2BIN(G103,4) -> 0111 | I103: =I102&H103 -> 110011110101001001110111
A104: 7 | B104: =MID($D$93, (A104-1)*6+1,6) -> 110100 | C104: =LEFT(B104,1)&(RIGHT(B104,1)) -> 10 | D104: =MID(B104,2,4) -> 1010 | E104: =C104&D104 -> 101010 | F104: =BIN2DEC(E104) -> 42 | G104: =VLOOKUP(F104,Constanst!$M$3:$U$66,8,TRUE) -> 6 | H104: =DEC2BIN(G104,4) -> 0110 | I104: =I103&H104 -> 1100111101010010011101110110
A105: 8 | B105: =MID($D$93, (A105-1)*6+1,6) -> 101111 | C105: =LEFT(B105,1)&(RIGHT(B105,1)) -> 11 | D105: =MID(B105,2,4) -> 0111 | E105: =C105&D105 -> 110111 | F105: =BIN2DEC(E105) -> 55 | G105: =VLOOKUP(F105,Constanst!$M$3:$U$66,9,TRUE) -> 13 | H105: =DEC2BIN(G105,4) -> 1101 | I105: =I104&H105 -> 11001111010100100111011101101101
B107: B= | C107: =I105 -> 11001111010100100111011101101101
A109: Hoán vị P(B)
A111: bit
A112: =MID($C$107,Constanst!X3,1) -> 0
A113: =MID($C$107,Constanst!X4,1) -> 1 | B113: =A112&A113 -> 01
A114: =MID($C$107,Constanst!X5,1) -> 1 | B114: =B113&A114 -> 011
A115: =MID($C$107,Constanst!X6,1) -> 0 | B115: =B114&A115 -> 0110
A116: =MID($C$107,Constanst!X7,1) -> 1 | B116: =B115&A116 -> 01101
A117: =MID($C$107,Constanst!X8,1) -> 1 | B117: =B116&A117 -> 011011
A118: =MID($C$107,Constanst!X9,1) -> 0 | B118: =B117&A118 -> 0110110
A119: =MID($C$107,Constanst!X10,1) -> 0 | B119: =B118&A119 -> 01101100
A120: =MID($C$107,Constanst!X11,1) -> 1 | B120: =B119&A120 -> 011011001
A121: =MID($C$107,Constanst!X12,1) -> 1 | B121: =B120&A121 -> 0110110011
A122: =MID($C$107,Constanst!X13,1) -> 1 | B122: =B121&A122 -> 01101100111
A123: =MID($C$107,Constanst!X14,1) -> 1 | B123: =B122&A123 -> 011011001111
A124: =MID($C$107,Constanst!X15,1) -> 1 | B124: =B123&A124 -> 0110110011111
A125: =MID($C$107,Constanst!X16,1) -> 1 | B125: =B124&A125 -> 01101100111111
... A143: =MID($C$107,Constanst!X34,1) -> 0 | B143: =B142&A143 -> 01101100111111011110110010111000
A145: F=P(B)= | B145: =B143 -> 01101100111111011110110010111000
A147: byte | B147: byte | C147: hexan | D147: dec
A148: 1 | B148: =MID($B$145,(A148-1)*8+1, 8) -> 01101100 | C148: =BIN2HEX(B148,2) -> 6C | D148: =HEX2DEC(C148) -> 108
A149: 2 | B149: =MID($B$145,(A149-1)*8+1, 8) -> 11111101 | C149: =BIN2HEX(B149,2) -> FD | D149: =HEX2DEC(C149) -> 253
A150: 3 | B150: =MID($B$145,(A150-1)*8+1, 8) -> 11101100 | C150: =BIN2HEX(B150,2) -> EC | D150: =HEX2DEC(C150) -> 236
A151: 4 | B151: =MID($B$145,(A151-1)*8+1, 8) -> 10111000 | C151: =BIN2HEX(B151,2) -> B8 | D151: =HEX2DEC(C151) -> 184

Sheet f(R8,K9)
A2: =L6 -> K9 | D2: =Input!I9 -> 110000001101101111101011001001111011100000111001
A3: F=P(B)= | B3: {=INDIRECT("'f(" & L5 & "," & L7 & ")'!B145")} -> 01101100111111011110110010111000
A4: =L4 -> L7 | B4: {=INDIRECT("'f(" & L5 & "," & L7 & ")'!C22")} -> 00110011100100010001011000110110 | L4: L7 | M4: L8
A5: =L5 -> R7 | B5: {=INDIRECT("'f(" & L5 & "," & L7 & ")'!C14")} -> 01000011011101111001111101010111 | L5: R7 | M5: R8
L6: K9
A7: F | G7: =L4 -> L7 | L7: K8
A8: byte | B8: byte | C8: hexan | D8: dec | G8: byte | H8: byte | I8: hexan | J8: dec
A9: 1 | B9: =MID($B$3,(A9-1)*8+1, 8) -> 01101100 | C9: =BIN2HEX(B9,2) -> 6C | D9: =HEX2DEC(C9) -> 108 | G9: 1 | H9: =MID($B$4,(G9-1)*8+1, 8) -> 00110011 | I9: =BIN2HEX(H9,2) -> 33 | J9: =HEX2DEC(I9) -> 51
A10: 2 | B10: =MID($B$3,(A10-1)*8+1, 8) -> 11111101 | C10: =BIN2HEX(B10,2) -> FD | D10: =HEX2DEC(C10) -> 253 | G10: 2 | H10: =MID($B$4,(G10-1)*8+1, 8) -> 10010001 | I10: =BIN2HEX(H10,2) -> 91 | J10: =HEX2DEC(I10) -> 145
A11: 3 | B11: =MID($B$3,(A11-1)*8+1, 8) -> 11101100 | C11: =BIN2HEX(B11,2) -> EC | D11: =HEX2DEC(C11) -> 236 | G11: 3 | H11: =MID($B$4,(G11-1)*8+1, 8) -> 00010110 | I11: =BIN2HEX(H11,2) -> 16 | J11: =HEX2DEC(I11) -> 22
A12: 4 | B12: =MID($B$3,(A12-1)*8+1, 8) -> 10111000 | C12: =BIN2HEX(B12,2) -> B8 | D12: =HEX2DEC(C12) -> 184 | G12: 4 | H12: =MID($B$4,(G12-1)*8+1, 8) -> 00110110 | I12: =BIN2HEX(H12,2) -> 36 | J12: =HEX2DEC(I12) -> 54
A14: =M5&" = F XOR "&L4&" =" -> R8 = F XOR L7 = | C14: =F17&F18&F19&F20 -> 01011111011011001111101010001110
C16: byte | D16: XOR | E16: HEX | F16: Bin
C17: 1 | D17: =BITXOR(J9,D9) -> 95 | E17: =DEC2HEX(D17,2) -> 5F | F17: =HEX2BIN(E17,8) -> 01011111
C18: 2 | D18: =BITXOR(J10,D10) -> 108 | E18: =DEC2HEX(D18,2) -> 6C | F18: =HEX2BIN(E18,8) -> 01101100
C19: 3 | D19: =BITXOR(J11,D11) -> 250 | E19: =DEC2HEX(D19,2) -> FA | F19: =HEX2BIN(E19,8) -> 11111010
C20: 4 | D20: =BITXOR(J12,D12) -> 142 | E20: =DEC2HEX(D20,2) -> 8E | F20: =HEX2BIN(E20,8) -> 10001110
A22: =M4&" = "&L5&" =" -> L8 = R7 = | C22: =B5 -> 01000011011101111001111101010111
A24: ="Mở rộng "&M5&" => E("&M5&")" -> Mở rộng R8 => E(R8) | D24: =B26 -> 001011111110101101011001011111110101010001011100
A25: bit
A26: =MID($C$14,Constanst!K3,1) -> 0 | B26: =A26&B27 -> 001011111110101101011001011111110101010001011100
A27: =MID($C$14,Constanst!K4,1) -> 0 | B27: =A27&B28 -> 01011111110101101011001011111110101010001011100
A28: =MID($C$14,Constanst!K5,1) -> 1 | B28: =A28&B29 -> 1011111110101101011001011111110101010001011100
A29: =MID($C$14,Constanst!K6,1) -> 0 | B29: =A29&B30 -> 011111110101101011001011111110101010001011100
A30: =MID($C$14,Constanst!K7,1) -> 1 | B30: =A30&B31 -> 11111110101101011001011111110101010001011100
A31: =MID($C$14,Constanst!K8,1) -> 1 | B31: =A31&B32 -> 1111110101101011001011111110101010001011100
A32: =MID($C$14,Constanst!K9,1) -> 1 | B32: =A32&B33 -> 111110101101011001011111110101010001011100
A33: =MID($C$14,Constanst!K10,1) -> 1 | B33: =A33&B34 -> 11110101101011001011111110101010001011100
A34: =MID($C$14,Constanst!K11,1) -> 1 | B34: =A34&B35 -> 1110101101011001011111110101010001011100
A35: =MID($C$14,Constanst!K12,1) -> 1 | B35: =A35&B36 -> 110101101011001011111110101010001011100
A36: =MID($C$14,Constanst!K13,1) -> 1 | B36: =A36&B37 -> 10101101011001011111110101010001011100
A37: =MID($C$14,Constanst!K14,1) -> 0 | B37: =A37&B38 -> 0101101011001011111110101010001011100
... A71: =MID($C$14,Constanst!K48,1) -> 1 | B71: =A71&B72 -> 100
A72: =MID($C$14,Constanst!K49,1) -> 0 | B72: =A72&A73 -> 00
A73: =MID($C$14,Constanst!K50,1) -> 0
A75: ="Thực hiện phép XOR A = E("&M5&") XOR "&L6 -> Thực hiện phép XOR A = E(R8) XOR K9
A76: ="Khóa " & L6 -> Khóa K9 | G76: ="E("&M5&")" -> E(R8)
A77: byte | B77: byte | C77: hexan | D77: decimal | G77: byte | H77: byte | I77: hexan | J77: decimal
A78: 1 | B78: =MID($D$2,(A78-1)*8+1, 8) -> 11000000 | C78: =BIN2HEX(B78,2) -> C0 | D78: =BIN2DEC(B78) -> 192 | G78: 1 | H78: =MID($D$24,(G78-1)*8+1, 8) -> 00101111 | I78: =BIN2HEX(H78,2) -> 2F | J78: =BIN2DEC(H78) -> 47
A79: 2 | B79: =MID($D$2,(A79-1)*8+1, 8) -> 11011011 | C79: =BIN2HEX(B79,2) -> DB | D79: =BIN2DEC(B79) -> 219 | G79: 2 | H79: =MID($D$24,(G79-1)*8+1, 8) -> 11101011 | I79: =BIN2HEX(H79,2) -> EB | J79: =BIN2DEC(H79) -> 235
A80: 3 | B80: =MID($D$2,(A80-1)*8+1, 8) -> 11101011 | C80: =BIN2HEX(B80,2) -> EB | D80: =BIN2DEC(B80) -> 235 | G80: 3 | H80: =MID($D$24,(G80-1)*8+1, 8) -> 01011001 | I80: =BIN2HEX(H80,2) -> 59 | J80: =BIN2DEC(H80) -> 89
A81: 4 | B81: =MID($D$2,(A81-1)*8+1, 8) -> 00100111 | C81: =BIN2HEX(B81,2) -> 27 | D81: =BIN2DEC(B81) -> 39 | G81: 4 | H81: =MID($D$24,(G81-1)*8+1, 8) -> 01111111 | I81: =BIN2HEX(H81,2) -> 7F | J81: =BIN2DEC(H81) -> 127
A82: 5 | B82: =MID($D$2,(A82-1)*8+1, 8) -> 10111000 | C82: =BIN2HEX(B82,2) -> B8 | D82: =BIN2DEC(B82) -> 184 | G82: 5 | H82: =MID($D$24,(G82-1)*8+1, 8) -> 01010100 | I82: =BIN2HEX(H82,2) -> 54 | J82: =BIN2DEC(H82) -> 84
A83: 6 | B83: =MID($D$2,(A83-1)*8+1, 8) -> 00111001 | C83: =BIN2HEX(B83,2) -> 39 | D83: =BIN2DEC(B83) -> 57 | G83: 6 | H83: =MID($D$24,(G83-1)*8+1, 8) -> 01011100 | I83: =BIN2HEX(H83,2) -> 5C | J83: =BIN2DEC(H83) -> 92
A85: Byte | B85: ="XOR(E"&M5&", "&L6&")" -> XOR(ER8, K9) | C85: Binary | D85: hexan
A86: 1 | B86: =BITXOR(D78,J78) -> 239 | C86: =DEC2BIN(B86,8) -> 11101111 | D86: =BIN2HEX(C86,2) -> EF
A87: 2 | B87: =BITXOR(D79,J79) -> 48 | C87: =DEC2BIN(B87,8) -> 00110000 | D87: =BIN2HEX(C87,2) -> 30
A88: 3 | B88: =BITXOR(D80,J80) -> 178 | C88: =DEC2BIN(B88,8) -> 10110010 | D88: =BIN2HEX(C88,2) -> B2
A89: 4 | B89: =BITXOR(D81,J81) -> 88 | C89: =DEC2BIN(B89,8) -> 01011000 | D89: =BIN2HEX(C89,2) -> 58
A90: 5 | B90: =BITXOR(D82,J82) -> 236 | C90: =DEC2BIN(B90,8) -> 11101100 | D90: =BIN2HEX(C90,2) -> EC
A91: 6 | B91: =BITXOR(D83,J83) -> 101 | C91: =DEC2BIN(B91,8) -> 01100101 | D91: =BIN2HEX(C91,2) -> 65
B93: ="A = E"&M5&" XOR "&L6&" =" -> A = ER8 XOR K9 = | D93: =C86&C87&C88&C89&C90&C91 -> 111011110011000010110010010110001110110001100101
A95: Thực hiện phép thế | E95: Hàng = bit đầu + bit cuối
E96: Cột = 4 bit giữa
A97: cặp 6 bit | C97: hàng | D97: cột | F97: Chỉ số mảng | G97: Tra bảng S
A98: 1 | B98: =MID($D$93, (A98-1)*6+1,6) -> 111011 | C98: =LEFT(B98,1)&(RIGHT(B98,1)) -> 11 | D98: =MID(B98,2,4) -> 1101 | E98: =C98&D98 -> 111101 | F98: =BIN2DEC(E98) -> 61 | G98: =VLOOKUP(F98,Constanst!$M$3:$U$66,2,TRUE) -> 0 | H98: =DEC2BIN(G98,4) -> 0000 | I98: =H98 -> 0000
A99: 2 | B99: =MID($D$93, (A99-1)*6+1,6) -> 110011 | C99: =LEFT(B99,1)&(RIGHT(B99,1)) -> 11 | D99: =MID(B99,2,4) -> 1001 | E99: =C99&D99 -> 111001 | F99: =BIN2DEC(E99) -> 57 | G99: =VLOOKUP(F99,Constanst!$M$3:$U$66,3,TRUE) -> 6 | H99: =DEC2BIN(G99,4) -> 0110 | I99: =I98&H99 -> 00000110
A100: 3 | B100: =MID($D$93, (A100-1)*6+1,6) -> 000010 | C100: =LEFT(B100,1)&(RIGHT(B100,1)) -> 00 | D100: =MID(B100,2,4) -> 0001 | E100: =C100&D100 -> 000001 | F100: =BIN2DEC(E100) -> 1 | G100: =VLOOKUP(F100,Constanst!$M$3:$U$66,4,TRUE) -> 0 | H100: =DEC2BIN(G100,4) -> 0000 | I100: =I99&H100 -> 000001100000
A101: 4 | B101: =MID($D$93, (A101-1)*6+1,6) -> 110010 | C101: =LEFT(B101,1)&(RIGHT(B101,1)) -> 10 | D101: =MID(B101,2,4) -> 1001 | E101: =C101&D101 -> 101001 | F101: =BIN2DEC(E101) -> 41 | G101: =VLOOKUP(F101,Constanst!$M$3:$U$66,5,TRUE) -> 1 | H101: =DEC2BIN(G101,4) -> 0001 | I101: =I100&H101 -> 0000011000000001
A102: 5 | B102: =MID($D$93, (A102-1)*6+1,6) -> 010110 | C102: =LEFT(B102,1)&(RIGHT(B102,1)) -> 00 | D102: =MID(B102,2,4) -> 1011 | E102: =C102&D102 -> 001011 | F102: =BIN2DEC(E102) -> 11 | G102: =VLOOKUP(F102,Constanst!$M$3:$U$66,6,TRUE) -> 15 | H102: =DEC2BIN(G102,4) -> 1111 | I102: =I101&H102 -> 00000110000000011111
A103: 6 | B103: =MID($D$93, (A103-1)*6+1,6) -> 001110 | C103: =LEFT(B103,1)&(RIGHT(B103,1)) -> 00 | D103: =MID(B103,2,4) -> 0111 | E103: =C103&D103 -> 000111 | F103: =BIN2DEC(E103) -> 7 | G103: =VLOOKUP(F103,Constanst!$M$3:$U$66,7,TRUE) -> 8 | H103: =DEC2BIN(G103,4) -> 1000 | I103: =I102&H103 -> 000001100000000111111000
A104: 7 | B104: =MID($D$93, (A104-1)*6+1,6) -> 110001 | C104: =LEFT(B104,1)&(RIGHT(B104,1)) -> 11 | D104: =MID(B104,2,4) -> 1000 | E104: =C104&D104 -> 111000 | F104: =BIN2DEC(E104) -> 56 | G104: =VLOOKUP(F104,Constanst!$M$3:$U$66,8,TRUE) -> 9 | H104: =DEC2BIN(G104,4) -> 1001 | I104: =I103&H104 -> 0000011000000001111110001001
A105: 8 | B105: =MID($D$93, (A105-1)*6+1,6) -> 100101 | C105: =LEFT(B105,1)&(RIGHT(B105,1)) -> 11 | D105: =MID(B105,2,4) -> 0010 | E105: =C105&D105 -> 110010 | F105: =BIN2DEC(E105) -> 50 | G105: =VLOOKUP(F105,Constanst!$M$3:$U$66,9,TRUE) -> 14 | H105: =DEC2BIN(G105,4) -> 1110 | I105: =I104&H105 -> 00000110000000011111100010011110
B107: B= | C107: =I105 -> 00000110000000011111100010011110
A109: Hoán vị P(B)
A111: bit
A112: =MID($C$107,Constanst!X3,1) -> 1
A113: =MID($C$107,Constanst!X4,1) -> 1 | B113: =A112&A113 -> 11
A114: =MID($C$107,Constanst!X5,1) -> 1 | B114: =B113&A114 -> 111
A115: =MID($C$107,Constanst!X6,1) -> 1 | B115: =B114&A115 -> 1111
A116: =MID($C$107,Constanst!X7,1) -> 1 | B116: =B115&A116 -> 11111
A117: =MID($C$107,Constanst!X8,1) -> 0 | B117: =B116&A117 -> 111110
A118: =MID($C$107,Constanst!X9,1) -> 1 | B118: =B117&A118 -> 1111101
A119: =MID($C$107,Constanst!X10,1) -> 1 | B119: =B118&A119 -> 11111011
A120: =MID($C$107,Constanst!X11,1) -> 0 | B120: =B119&A120 -> 111110110
A121: =MID($C$107,Constanst!X12,1) -> 0 | B121: =B120&A121 -> 1111101100
A122: =MID($C$107,Constanst!X13,1) -> 0 | B122: =B121&A122 -> 11111011000
A123: =MID($C$107,Constanst!X14,1) -> 0 | B123: =B122&A123 -> 111110110000
A124: =MID($C$107,Constanst!X15,1) -> 0 | B124: =B123&A124 -> 1111101100000
A125: =MID($C$107,Constanst!X16,1) -> 1 | B125: =B124&A125 -> 11111011000001
... A143: =MID($C$107,Constanst!X34,1) -> 1 | B143: =B142&A143 -> 11111011000001100000000010110001
A145: F=P(B)= | B145: =B143 -> 11111011000001100000000010110001
A147: byte | B147: byte | C147: hexan | D147: dec
A148: 1 | B148: =MID($B$145,(A148-1)*8+1, 8) -> 11111011 | C148: =BIN2HEX(B148,2) -> FB | D148: =HEX2DEC(C148) -> 251
A149: 2 | B149: =MID($B$145,(A149-1)*8+1, 8) -> 00000110 | C149: =BIN2HEX(B149,2) -> 06 | D149: =HEX2DEC(C149) -> 6
A150: 3 | B150: =MID($B$145,(A150-1)*8+1, 8) -> 00000000 | C150: =BIN2HEX(B150,2) -> 00 | D150: =HEX2DEC(C150) -> 0
A151: 4 | B151: =MID($B$145,(A151-1)*8+1, 8) -> 10110001 | C151: =BIN2HEX(B151,2) -> B1 | D151: =HEX2DEC(C151) -> 177

Sheet f(R9,K10)
A2: =L6 -> K10 | D2: =Input!I10 -> 101100011111001101000111011000110001110101110110
A3: F=P(B)= | B3: {=INDIRECT("'f(" & L5 & "," & L7 & ")'!B145")} -> 11111011000001100000000010110001
A4: =L4 -> L8 | B4: {=INDIRECT("'f(" & L5 & "," & L7 & ")'!C22")} -> 01000011011101111001111101010111 | L4: L8 | M4: L9
A5: =L5 -> R8 | B5: {=INDIRECT("'f(" & L5 & "," & L7 & ")'!C14")} -> 01011111011011001111101010001110 | L5: R8 | M5: R9
L6: K10
A7: F | G7: =L4 -> L8 | L7: K9
A8: byte | B8: byte | C8: hexan | D8: dec | G8: byte | H8: byte | I8: hexan | J8: dec
A9: 1 | B9: =MID($B$3,(A9-1)*8+1, 8) -> 11111011 | C9: =BIN2HEX(B9,2) -> FB | D9: =HEX2DEC(C9) -> 251 | G9: 1 | H9: =MID($B$4,(G9-1)*8+1, 8) -> 01000011 | I9: =BIN2HEX(H9,2) -> 43 | J9: =HEX2DEC(I9) -> 67
A10: 2 | B10: =MID($B$3,(A10-1)*8+1, 8) -> 00000110 | C10: =BIN2HEX(B10,2) -> 06 | D10: =HEX2DEC(C10) -> 6 | G10: 2 | H10: =MID($B$4,(G10-1)*8+1, 8) -> 01110111 | I10: =BIN2HEX(H10,2) -> 77 | J10: =HEX2DEC(I10) -> 119
A11: 3 | B11: =MID($B$3,(A11-1)*8+1, 8) -> 00000000 | C11: =BIN2HEX(B11,2) -> 00 | D11: =HEX2DEC(C11) -> 0 | G11: 3 | H11: =MID($B$4,(G11-1)*8+1, 8) -> 10011111 | I11: =BIN2HEX(H11,2) -> 9F | J11: =HEX2DEC(I11) -> 159
A12: 4 | B12: =MID($B$3,(A12-1)*8+1, 8) -> 10110001 | C12: =BIN2HEX(B12,2) -> B1 | D12: =HEX2DEC(C12) -> 177 | G12: 4 | H12: =MID($B$4,(G12-1)*8+1, 8) -> 01010111 | I12: =BIN2HEX(H12,2) -> 57 | J12: =HEX2DEC(I12) -> 87
A14: =M5&" = F XOR "&L4&" =" -> R9 = F XOR L8 = | C14: =F17&F18&F19&F20 -> 10111000011100011001111111100110
C16: byte | D16: XOR | E16: HEX | F16: Bin
C17: 1 | D17: =BITXOR(J9,D9) -> 184 | E17: =DEC2HEX(D17,2) -> B8 | F17: =HEX2BIN(E17,8) -> 10111000
C18: 2 | D18: =BITXOR(J10,D10) -> 113 | E18: =DEC2HEX(D18,2) -> 71 | F18: =HEX2BIN(E18,8) -> 01110001
C19: 3 | D19: =BITXOR(J11,D11) -> 159 | E19: =DEC2HEX(D19,2) -> 9F | F19: =HEX2BIN(E19,8) -> 10011111
C20: 4 | D20: =BITXOR(J12,D12) -> 230 | E20: =DEC2HEX(D20,2) -> E6 | F20: =HEX2BIN(E20,8) -> 11100110
A22: =M4&" = "&L5&" =" -> L9 = R8 = | C22: =B5 -> 01011111011011001111101010001110
A24: ="Mở rộng "&M5&" => E("&M5&")" -> Mở rộng R9 => E(R9) | D24: =B26 -> 010111110000001110100011110011111111111100001101
A25: bit
A26: =MID($C$14,Constanst!K3,1) -> 0 | B26: =A26&B27 -> 010111110000001110100011110011111111111100001101
A27: =MID($C$14,Constanst!K4,1) -> 1 | B27: =A27&B28 -> 10111110000001110100011110011111111111100001101
A28: =MID($C$14,Constanst!K5,1) -> 0 | B28: =A28&B29 -> 0111110000001110100011110011111111111100001101
A29: =MID($C$14,Constanst!K6,1) -> 1 | B29: =A29&B30 -> 111110000001110100011110011111111111100001101
A30: =MID($C$14,Constanst!K7,1) -> 1 | B30: =A30&B31 -> 11110000001110100011110011111111111100001101
A31: =MID($C$14,Constanst!K8,1) -> 1 | B31: =A31&B32 -> 1110000001110100011110011111111111100001101
A32: =MID($C$14,Constanst!K9,1) -> 1 | B32: =A32&B33 -> 110000001110100011110011111111111100001101
A33: =MID($C$14,Constanst!K10,1) -> 1 | B33: =A33&B34 -> 10000001110100011110011111111111100001101
A34: =MID($C$14,Constanst!K11,1) -> 0 | B34: =A34&B35 -> 0000001110100011110011111111111100001101
A35: =MID($C$14,Constanst!K12,1) -> 0 | B35: =A35&B36 -> 000001110100011110011111111111100001101
A36: =MID($C$14,Constanst!K13,1) -> 0 | B36: =A36&B37 -> 00001110100011110011111111111100001101
A37: =MID($C$14,Constanst!K14,1) -> 0 | B37: =A37&B38 -> 0001110100011110011111111111100001101
... A71: =MID($C$14,Constanst!K48,1) -> 1 | B71: =A71&B72 -> 101
A72: =MID($C$14,Constanst!K49,1) -> 0 | B72: =A72&A73 -> 01
A73: =MID($C$14,Constanst!K50,1) -> 1
A75: ="Thực hiện phép XOR A = E("&M5&") XOR "&L6 -> Thực hiện phép XOR A = E(R9) XOR K10
A76: ="Khóa " & L6 -> Khóa K10 | G76: ="E("&M5&")" -> E(R9)
A77: byte | B77: byte | C77: hexan | D77: decimal | G77: byte | H77: byte | I77: hexan | J77: decimal
A78: 1 | B78: =MID($D$2,(A78-1)*8+1, 8) -> 10110001 | C78: =BIN2HEX(B78,2) -> B1 | D78: =BIN2DEC(B78) -> 177 | G78: 1 | H78: =MID($D$24,(G78-1)*8+1, 8) -> 01011111 | I78: =BIN2HEX(H78,2) -> 5F | J78: =BIN2DEC(H78) -> 95
A79: 2 | B79: =MID($D$2,(A79-1)*8+1, 8) -> 11110011 | C79: =BIN2HEX(B79,2) -> F3 | D79: =BIN2DEC(B79) -> 243 | G79: 2 | H79: =MID($D$24,(G79-1)*8+1, 8) -> 00000011 | I79: =BIN2HEX(H79,2) -> 03 | J79: =BIN2DEC(H79) -> 3
A80: 3 | B80: =MID($D$2,(A80-1)*8+1, 8) -> 01000111 | C80: =BIN2HEX(B80,2) -> 47 | D80: =BIN2DEC(B80) -> 71 | G80: 3 | H80: =MID($D$24,(G80-1)*8+1, 8) -> 10100011 | I80: =BIN2HEX(H80,2) -> A3 | J80: =BIN2DEC(H80) -> 163
A81: 4 | B81: =MID($D$2,(A81-1)*8+1, 8) -> 01100011 | C81: =BIN2HEX(B81,2) -> 63 | D81: =BIN2DEC(B81) -> 99 | G81: 4 | H81: =MID($D$24,(G81-1)*8+1, 8) -> 11001111 | I81: =BIN2HEX(H81,2) -> CF | J81: =BIN2DEC(H81) -> 207
A82: 5 | B82: =MID($D$2,(A82-1)*8+1, 8) -> 00011101 | C82: =BIN2HEX(B82,2) -> 1D | D82: =BIN2DEC(B82) -> 29 | G82: 5 | H82: =MID($D$24,(G82-1)*8+1, 8) -> 11111111 | I82: =BIN2HEX(H82,2) -> FF | J82: =BIN2DEC(H82) -> 255
A83: 6 | B83: =MID($D$2,(A83-1)*8+1, 8) -> 01110110 | C83: =BIN2HEX(B83,2) -> 76 | D83: =BIN2DEC(B83) -> 118 | G83: 6 | H83: =MID($D$24,(G83-1)*8+1, 8) -> 00001101 | I83: =BIN2HEX(H83,2) -> 0D | J83: =BIN2DEC(H83) -> 13
A85: Byte | B85: ="XOR(E"&M5&", "&L6&")" -> XOR(ER9, K10) | C85: Binary | D85: hexan
A86: 1 | B86: =BITXOR(D78,J78) -> 238 | C86: =DEC2BIN(B86,8) -> 11101110 | D86: =BIN2HEX(C86,2) -> EE
A87: 2 | B87: =BITXOR(D79,J79) -> 240 | C87: =DEC2BIN(B87,8) -> 11110000 | D87: =BIN2HEX(C87,2) -> F0
A88: 3 | B88: =BITXOR(D80,J80) -> 228 | C88: =DEC2BIN(B88,8) -> 11100100 | D88: =BIN2HEX(C88,2) -> E4
A89: 4 | B89: =BITXOR(D81,J81) -> 172 | C89: =DEC2BIN(B89,8) -> 10101100 | D89: =BIN2HEX(C89,2) -> AC
A90: 5 | B90: =BITXOR(D82,J82) -> 226 | C90: =DEC2BIN(B90,8) -> 11100010 | D90: =BIN2HEX(C90,2) -> E2
A91: 6 | B91: =BITXOR(D83,J83) -> 123 | C91: =DEC2BIN(B91,8) -> 01111011 | D91: =BIN2HEX(C91,2) -> 7B
B93: ="A = E"&M5&" XOR "&L6&" =" -> A = ER9 XOR K10 = | D93: =C86&C87&C88&C89&C90&C91 -> 111011101111000011100100101011001110001001111011
A95: Thực hiện phép thế | E95: Hàng = bit đầu + bit cuối
E96: Cột = 4 bit giữa
A97: cặp 6 bit | C97: hàng | D97: cột | F97: Chỉ số mảng | G97: Tra bảng S
A98: 1 | B98: =MID($D$93, (A98-1)*6+1,6) -> 111011 | C98: =LEFT(B98,1)&(RIGHT(B98,1)) -> 11 | D98: =MID(B98,2,4) -> 1101 | E98: =C98&D98 -> 111101 | F98: =BIN2DEC(E98) -> 61 | G98: =VLOOKUP(F98,Constanst!$M$3:$U$66,2,TRUE) -> 0 | H98: =DEC2BIN(G98,4) -> 0000 | I98: =H98 -> 0000
A99: 2 | B99: =MID($D$93, (A99-1)*6+1,6) -> 101111 | C99: =LEFT(B99,1)&(RIGHT(B99,1)) -> 11 | D99: =MID(B99,2,4) -> 0111 | E99: =C99&D99 -> 110111 | F99: =BIN2DEC(E99) -> 55 | G99: =VLOOKUP(F99,Constanst!$M$3:$U$66,3,TRUE) -> 2 | H99: =DEC2BIN(G99,4) -> 0010 | I99: =I98&H99 -> 00000010
A100: 3 | B100: =MID($D$93, (A100-1)*6+1,6) -> 000011 | C100: =LEFT(B100,1)&(RIGHT(B100,1)) -> 01 | D100: =MID(B100,2,4) -> 0001 | E100: =C100&D100 -> 010001 | F100: =BIN2DEC(E100) -> 17 | G100: =VLOOKUP(F100,Constanst!$M$3:$U$66,4,TRUE) -> 7 | H100: =DEC2BIN(G100,4) -> 0111 | I100: =I99&H100 -> 000000100111
A101: 4 | B101: =MID($D$93, (A101-1)*6+1,6) -> 100100 | C101: =LEFT(B101,1)&(RIGHT(B101,1)) -> 10 | D101: =MID(B101,2,4) -> 0010 | E101: =C101&D101 -> 100010 | F101: =BIN2DEC(E101) -> 34 | G101: =VLOOKUP(F101,Constanst!$M$3:$U$66,5,TRUE) -> 9 | H101: =DEC2BIN(G101,4) -> 1001 | I101: =I100&H101 -> 0000001001111001
A102: 5 | B102: =MID($D$93, (A102-1)*6+1,6) -> 101011 | C102: =LEFT(B102,1)&(RIGHT(B102,1)) -> 11 | D102: =MID(B102,2,4) -> 0101 | E102: =C102&D102 -> 110101 | F102: =BIN2DEC(E102) -> 53 | G102: =VLOOKUP(F102,Constanst!$M$3:$U$66,6,TRUE) -> 14 | H102: =DEC2BIN(G102,4) -> 1110 | I102: =I101&H102 -> 00000010011110011110
A103: 6 | B103: =MID($D$93, (A103-1)*6+1,6) -> 001110 | C103: =LEFT(B103,1)&(RIGHT(B103,1)) -> 00 | D103: =MID(B103,2,4) -> 0111 | E103: =C103&D103 -> 000111 | F103: =BIN2DEC(E103) -> 7 | G103: =VLOOKUP(F103,Constanst!$M$3:$U$66,7,TRUE) -> 8 | H103: =DEC2BIN(G103,4) -> 1000 | I103: =I102&H103 -> 000000100111100111101000
A104: 7 | B104: =MID($D$93, (A104-1)*6+1,6) -> 001001 | C104: =LEFT(B104,1)&(RIGHT(B104,1)) -> 01 | D104: =MID(B104,2,4) -> 0100 | E104: =C104&D104 -> 010100 | F104: =BIN2DEC(E104) -> 20 | G104: =VLOOKUP(F104,Constanst!$M$3:$U$66,8,TRUE) -> 4 | H104: =DEC2BIN(G104,4) -> 0100 | I104: =I103&H104 -> 0000001001111001111010000100
A105: 8 | B105: =MID($D$93, (A105-1)*6+1,6) -> 111011 | C105: =LEFT(B105,1)&(RIGHT(B105,1)) -> 11 | D105: =MID(B105,2,4) -> 1101 | E105: =C105&D105 -> 111101 | F105: =BIN2DEC(E105) -> 61 | G105: =VLOOKUP(F105,Constanst!$M$3:$U$66,9,TRUE) -> 5 | H105: =DEC2BIN(G105,4) -> 0101 | I105: =I104&H105 -> 00000010011110011110100001000101
B107: B= | C107: =I105 -> 00000010011110011110100001000101
A109: Hoán vị P(B)
A111: bit
A112: =MID($C$107,Constanst!X3,1) -> 1
A113: =MID($C$107,Constanst!X4,1) -> 1 | B113: =A112&A113 -> 11
A114: =MID($C$107,Constanst!X5,1) -> 0 | B114: =B113&A114 -> 110
A115: =MID($C$107,Constanst!X6,1) -> 1 | B115: =B114&A115 -> 1101
A116: =MID($C$107,Constanst!X7,1) -> 0 | B116: =B115&A116 -> 11010
A117: =MID($C$107,Constanst!X8,1) -> 1 | B117: =B116&A117 -> 110101
A118: =MID($C$107,Constanst!X9,1) -> 0 | B118: =B117&A118 -> 1101010
A119: =MID($C$107,Constanst!X10,1) -> 1 | B119: =B118&A119 -> 11010101
A120: =MID($C$107,Constanst!X11,1) -> 0 | B120: =B119&A120 -> 110101010
A121: =MID($C$107,Constanst!X12,1) -> 0 | B121: =B120&A121 -> 1101010100
A122: =MID($C$107,Constanst!X13,1) -> 0 | B122: =B121&A122 -> 11010101000
A123: =MID($C$107,Constanst!X14,1) -> 1 | B123: =B122&A123 -> 110101010001
A124: =MID($C$107,Constanst!X15,1) -> 0 | B124: =B123&A124 -> 1101010100010
A125: =MID($C$107,Constanst!X16,1) -> 1 | B125: =B124&A125 -> 11010101000101
... A143: =MID($C$107,Constanst!X34,1) -> 0 | B143: =B142&A143 -> 11010101000101010000100011100100
A145: F=P(B)= | B145: =B143 -> 11010101000101010000100011100100
A147: byte | B147: byte | C147: hexan | D147: dec
A148: 1 | B148: =MID($B$145,(A148-1)*8+1, 8) -> 11010101 | C148: =BIN2HEX(B148,2) -> D5 | D148: =HEX2DEC(C148) -> 213
A149: 2 | B149: =MID($B$145,(A149-1)*8+1, 8) -> 00010101 | C149: =BIN2HEX(B149,2) -> 15 | D149: =HEX2DEC(C149) -> 21
A150: 3 | B150: =MID($B$145,(A150-1)*8+1, 8) -> 00001000 | C150: =BIN2HEX(B150,2) -> 08 | D150: =HEX2DEC(C150) -> 8
A151: 4 | B151: =MID($B$145,(A151-1)*8+1, 8) -> 11100100 | C151: =BIN2HEX(B151,2) -> E4 | D151: =HEX2DEC(C151) -> 228

Sheet f(R10,K11)
A2: =L6 -> K11 | D2: =Input!I11 -> 001000010101111111000011000011011000100110111110
A3: F=P(B)= | B3: {=INDIRECT("'f(" & L5 & "," & L7 & ")'!B145")} -> 11010101000101010000100011100100
A4: =L4 -> L9 | B4: {=INDIRECT("'f(" & L5 & "," & L7 & ")'!C22")} -> 01011111011011001111101010001110 | L4: L9 | M4: L10
A5: =L5 -> R9 | B5: {=INDIRECT("'f(" & L5 & "," & L7 & ")'!C14")} -> 10111000011100011001111111100110 | L5: R9 | M5: R10
L6: K11
A7: F | G7: =L4 -> L9 | L7: K10
A8: byte | B8: byte | C8: hexan | D8: dec | G8: byte | H8: byte | I8: hexan | J8: dec
A9: 1 | B9: =MID($B$3,(A9-1)*8+1, 8) -> 11010101 | C9: =BIN2HEX(B9,2) -> D5 | D9: =HEX2DEC(C9) -> 213 | G9: 1 | H9: =MID($B$4,(G9-1)*8+1, 8) -> 01011111 | I9: =BIN2HEX(H9,2) -> 5F | J9: =HEX2DEC(I9) -> 95
A10: 2 | B10: =MID($B$3,(A10-1)*8+1, 8) -> 00010101 | C10: =BIN2HEX(B10,2) -> 15 | D10: =HEX2DEC(C10) -> 21 | G10: 2 | H10: =MID($B$4,(G10-1)*8+1, 8) -> 01101100 | I10: =BIN2HEX(H10,2) -> 6C | J10: =HEX2DEC(I10) -> 108
A11: 3 | B11: =MID($B$3,(A11-1)*8+1, 8) -> 00001000 | C11: =BIN2HEX(B11,2) -> 08 | D11: =HEX2DEC(C11) -> 8 | G11: 3 | H11: =MID($B$4,(G11-1)*8+1, 8) -> 11111010 | I11: =BIN2HEX(H11,2) -> FA | J11: =HEX2DEC(I11) -> 250
A12: 4 | B12: =MID($B$3,(A12-1)*8+1, 8) -> 11100100 | C12: =BIN2HEX(B12,2) -> E4 | D12: =HEX2DEC(C12) -> 228 | G12: 4 | H12: =MID($B$4,(G12-1)*8+1, 8) -> 10001110 | I12: =BIN2HEX(H12,2) -> 8E | J12: =HEX2DEC(I12) -> 142
A14: =M5&" = F XOR "&L4&" =" -> R10 = F XOR L9 = | C14: =F17&F18&F19&F20 -> 10001010011110011111001001101010
C16: byte | D16: XOR | E16: HEX | F16: Bin
C17: 1 | D17: =BITXOR(J9,D9) -> 138 | E17: =DEC2HEX(D17,2) -> 8A | F17: =HEX2BIN(E17,8) -> 10001010
C18: 2 | D18: =BITXOR(J10,D10) -> 121 | E18: =DEC2HEX(D18,2) -> 79 | F18: =HEX2BIN(E18,8) -> 01111001
C19: 3 | D19: =BITXOR(J11,D11) -> 242 | E19: =DEC2HEX(D19,2) -> F2 | F19: =HEX2BIN(E19,8) -> 11110010
C20: 4 | D20: =BITXOR(J12,D12) -> 106 | E20: =DEC2HEX(D20,2) -> 6A | F20: =HEX2BIN(E20,8) -> 01101010
A22: =M4&" = "&L5&" =" -> L10 = R9 = | C22: =B5 -> 10111000011100011001111111100110
A24: ="Mở rộng "&M5&" => E("&M5&")" -> Mở rộng R10 => E(R10) | D24: =B26 -> 010001010100001111110011111110100100001101010101
A25: bit
A26: =MID($C$14,Constanst!K3,1) -> 0 | B26: =A26&B27 -> 010001010100001111110011111110100100001101010101
A27: =MID($C$14,Constanst!K4,1) -> 1 | B27: =A27&B28 -> 10001010100001111110011111110100100001101010101
A28: =MID($C$14,Constanst!K5,1) -> 0 | B28: =A28&B29 -> 0001010100001111110011111110100100001101010101
A29: =MID($C$14,Constanst!K6,1) -> 0 | B29: =A29&B30 -> 001010100001111110011111110100100001101010101
A30: =MID($C$14,Constanst!K7,1) -> 0 | B30: =A30&B31 -> 01010100001111110011111110100100001101010101
A31: =MID($C$14,Constanst!K8,1) -> 1 | B31: =A31&B32 -> 1010100001111110011111110100100001101010101
A32: =MID($C$14,Constanst!K9,1) -> 0 | B32: =A32&B33 -> 010100001111110011111110100100001101010101
A33: =MID($C$14,Constanst!K10,1) -> 1 | B33: =A33&B34 -> 10100001111110011111110100100001101010101
A34: =MID($C$14,Constanst!K11,1) -> 0 | B34: =A34&B35 -> 0100001111110011111110100100001101010101
A35: =MID($C$14,Constanst!K12,1) -> 1 | B35: =A35&B36 -> 100001111110011111110100100001101010101
A36: =MID($C$14,Constanst!K13,1) -> 0 | B36: =A36&B37 -> 00001111110011111110100100001101010101
A37: =MID($C$14,Constanst!K14,1) -> 0 | B37: =A37&B38 -> 0001111110011111110100100001101010101
... A71: =MID($C$14,Constanst!K48,1) -> 1 | B71: =A71&B72 -> 101
A72: =MID($C$14,Constanst!K49,1) -> 0 | B72: =A72&A73 -> 01
A73: =MID($C$14,Constanst!K50,1) -> 1
A75: ="Thực hiện phép XOR A = E("&M5&") XOR "&L6 -> Thực hiện phép XOR A = E(R10) XOR K11
A76: ="Khóa " & L6 -> Khóa K11 | G76: ="E("&M5&")" -> E(R10)
A77: byte | B77: byte | C77: hexan | D77: decimal | G77: byte | H77: byte | I77: hexan | J77: decimal
A78: 1 | B78: =MID($D$2,(A78-1)*8+1, 8) -> 00100001 | C78: =BIN2HEX(B78,2) -> 21 | D78: =BIN2DEC(B78) -> 33 | G78: 1 | H78: =MID($D$24,(G78-1)*8+1, 8) -> 01000101 | I78: =BIN2HEX(H78,2) -> 45 | J78: =BIN2DEC(H78) -> 69
A79: 2 | B79: =MID($D$2,(A79-1)*8+1, 8) -> 01011111 | C79: =BIN2HEX(B79,2) -> 5F | D79: =BIN2DEC(B79) -> 95 | G79: 2 | H79: =MID($D$24,(G79-1)*8+1, 8) -> 01000011 | I79: =BIN2HEX(H79,2) -> 43 | J79: =BIN2DEC(H79) -> 67
A80: 3 | B80: =MID($D$2,(A80-1)*8+1, 8) -> 11000011 | C80: =BIN2HEX(B80,2) -> C3 | D80: =BIN2DEC(B80) -> 195 | G80: 3 | H80: =MID($D$24,(G80-1)*8+1, 8) -> 11110011 | I80: =BIN2HEX(H80,2) -> F3 | J80: =BIN2DEC(H80) -> 243
A81: 4 | B81: =MID($D$2,(A81-1)*8+1, 8) -> 00001101 | C81: =BIN2HEX(B81,2) -> 0D | D81: =BIN2DEC(B81) -> 13 | G81: 4 | H81: =MID($D$24,(G81-1)*8+1, 8) -> 11111010 | I81: =BIN2HEX(H81,2) -> FA | J81: =BIN2DEC(H81) -> 250
A82: 5 | B82: =MID($D$2,(A82-1)*8+1, 8) -> 10001001 | C82: =BIN2HEX(B82,2) -> 89 | D82: =BIN2DEC(B82) -> 137 | G82: 5 | H82: =MID($D$24,(G82-1)*8+1, 8) -> 01000011 | I82: =BIN2HEX(H82,2) -> 43 | J82: =BIN2DEC(H82) -> 67
A83: 6 | B83: =MID($D$2,(A83-1)*8+1, 8) -> 10111110 | C83: =BIN2HEX(B83,2) -> BE | D83: =BIN2DEC(B83) -> 190 | G83: 6 | H83: =MID($D$24,(G83-1)*8+1, 8) -> 01010101 | I83: =BIN2HEX(H83,2) -> 55 | J83: =BIN2DEC(H83) -> 85
A85: Byte | B85: ="XOR(E"&M5&", "&L6&")" -> XOR(ER10, K11) | C85: Binary | D85: hexan
A86: 1 | B86: =BITXOR(D78,J78) -> 100 | C86: =DEC2BIN(B86,8) -> 01100100 | D86: =BIN2HEX(C86,2) -> 64
A87: 2 | B87: =BITXOR(D79,J79) -> 28 | C87: =DEC2BIN(B87,8) -> 00011100 | D87: =BIN2HEX(C87,2) -> 1C
A88: 3 | B88: =BITXOR(D80,J80) -> 48 | C88: =DEC2BIN(B88,8) -> 00110000 | D88: =BIN2HEX(C88,2) -> 30
A89: 4 | B89: =BITXOR(D81,J81) -> 247 | C89: =DEC2BIN(B89,8) -> 11110111 | D89: =BIN2HEX(C89,2) -> F7
A90: 5 | B90: =BITXOR(D82,J82) -> 202 | C90: =DEC2BIN(B90,8) -> 11001010 | D90: =BIN2HEX(C90,2) -> CA
A91: 6 | B91: =BITXOR(D83,J83) -> 235 | C91: =DEC2BIN(B91,8) -> 11101011 | D91: =BIN2HEX(C91,2) -> EB
B93: ="A = E"&M5&" XOR "&L6&" =" -> A = ER10 XOR K11 = | D93: =C86&C87&C88&C89&C90&C91 -> 011001000001110000110000111101111100101011101011
A95: Thực hiện phép thế | E95: Hàng = bit đầu + bit cuối
E96: Cột = 4 bit giữa
A97: cặp 6 bit | C97: hàng | D97: cột | F97: Chỉ số mảng | G97: Tra bảng S
A98: 1 | B98: =MID($D$93, (A98-1)*6+1,6) -> 011001 | C98: =LEFT(B98,1)&(RIGHT(B98,1)) -> 01 | D98: =MID(B98,2,4) -> 1100 | E98: =C98&D98 -> 011100 | F98: =BIN2DEC(E98) -> 28 | G98: =VLOOKUP(F98,Constanst!$M$3:$U$66,2,TRUE) -> 9 | H98: =DEC2BIN(G98,4) -> 1001 | I98: =H98 -> 1001
A99: 2 | B99: =MID($D$93, (A99-1)*6+1,6) -> 000001 | C99: =LEFT(B99,1)&(RIGHT(B99,1)) -> 01 | D99: =MID(B99,2,4) -> 0000 | E99: =C99&D99 -> 010000 | F99: =BIN2DEC(E99) -> 16 | G99: =VLOOKUP(F99,Constanst!$M$3:$U$66,3,TRUE) -> 3 | H99: =DEC2BIN(G99,4) -> 0011 | I99: =I98&H99 -> 10010011
A100: 3 | B100: =MID($D$93, (A100-1)*6+1,6) -> 110000 | C100: =LEFT(B100,1)&(RIGHT(B100,1)) -> 10 | D100: =MID(B100,2,4) -> 1000 | E100: =C100&D100 -> 101000 | F100: =BIN2DEC(E100) -> 40 | G100: =VLOOKUP(F100,Constanst!$M$3:$U$66,4,TRUE) -> 11 | H100: =DEC2BIN(G100,4) -> 1011 | I100: =I99&H100 -> 100100111011
A101: 4 | B101: =MID($D$93, (A101-1)*6+1,6) -> 110000 | C101: =LEFT(B101,1)&(RIGHT(B101,1)) -> 10 | D101: =MID(B101,2,4) -> 1000 | E101: =C101&D101 -> 101000 | F101: =BIN2DEC(E101) -> 40 | G101: =VLOOKUP(F101,Constanst!$M$3:$U$66,5,TRUE) -> 15 | H101: =DEC2BIN(G101,4) -> 1111 | I101: =I100&H101 -> 1001001110111111
A102: 5 | B102: =MID($D$93, (A102-1)*6+1,6) -> 111101 | C102: =LEFT(B102,1)&(RIGHT(B102,1)) -> 11 | D102: =MID(B102,2,4) -> 1110 | E102: =C102&D102 -> 111110 | F102: =BIN2DEC(E102) -> 62 | G102: =VLOOKUP(F102,Constanst!$M$3:$U$66,6,TRUE) -> 5 | H102: =DEC2BIN(G102,4) -> 0101 | I102: =I101&H102 -> 10010011101111110101
A103: 6 | B103: =MID($D$93, (A103-1)*6+1,6) -> 111100 | C103: =LEFT(B103,1)&(RIGHT(B103,1)) -> 10 | D103: =MID(B103,2,4) -> 1110 | E103: =C103&D103 -> 101110 | F103: =BIN2DEC(E103) -> 46 | G103: =VLOOKUP(F103,Constanst!$M$3:$U$66,7,TRUE) -> 11 | H103: =DEC2BIN(G103,4) -> 1011 | I103: =I102&H103 -> 100100111011111101011011
A104: 7 | B104: =MID($D$93, (A104-1)*6+1,6) -> 101011 | C104: =LEFT(B104,1)&(RIGHT(B104,1)) -> 11 | D104: =MID(B104,2,4) -> 0101 | E104: =C104&D104 -> 110101 | F104: =BIN2DEC(E104) -> 53 | G104: =VLOOKUP(F104,Constanst!$M$3:$U$66,8,TRUE) -> 4 | H104: =DEC2BIN(G104,4) -> 0100 | I104: =I103&H104 -> 1001001110111111010110110100
A105: 8 | B105: =MID($D$93, (A105-1)*6+1,6) -> 101011 | C105: =LEFT(B105,1)&(RIGHT(B105,1)) -> 11 | D105: =MID(B105,2,4) -> 0101 | E105: =C105&D105 -> 110101 | F105: =BIN2DEC(E105) -> 53 | G105: =VLOOKUP(F105,Constanst!$M$3:$U$66,9,TRUE) -> 10 | H105: =DEC2BIN(G105,4) -> 1010 | I105: =I104&H105 -> 10010011101111110101101101001010
B107: B= | C107: =I105 -> 10010011101111110101101101001010
A109: Hoán vị P(B)
A111: bit
A112: =MID($C$107,Constanst!X3,1) -> 1
A113: =MID($C$107,Constanst!X4,1) -> 1 | B113: =A112&A113 -> 11
A114: =MID($C$107,Constanst!X5,1) -> 1 | B114: =B113&A114 -> 111
A115: =MID($C$107,Constanst!X6,1) -> 1 | B115: =B114&A115 -> 1111
A116: =MID($C$107,Constanst!X7,1) -> 1 | B116: =B115&A116 -> 11111
A117: =MID($C$107,Constanst!X8,1) -> 1 | B117: =B116&A117 -> 111111
A118: =MID($C$107,Constanst!X9,1) -> 0 | B118: =B117&A118 -> 1111110
A119: =MID($C$107,Constanst!X10,1) -> 0 | B119: =B118&A119 -> 11111100
A120: =MID($C$107,Constanst!X11,1) -> 1 | B120: =B119&A120 -> 111111001
A121: =MID($C$107,Constanst!X12,1) -> 1 | B121: =B120&A121 -> 1111110011
A122: =MID($C$107,Constanst!X13,1) -> 1 | B122: =B121&A122 -> 11111100111
A123: =MID($C$107,Constanst!X14,1) -> 1 | B123: =B122&A123 -> 111111001111
A124: =MID($C$107,Constanst!X15,1) -> 0 | B124: =B123&A124 -> 1111110011110
A125: =MID($C$107,Constanst!X16,1) -> 1 | B125: =B124&A125 -> 11111100111101
... A143: =MID($C$107,Constanst!X34,1) -> 0 | B143: =B142&A143 -> 11111100111101100111000101000110
A145: F=P(B)= | B145: =B143 -> 11111100111101100111000101000110
A147: byte | B147: byte | C147: hexan | D147: dec
A148: 1 | B148: =MID($B$145,(A148-1)*8+1, 8) -> 11111100 | C148: =BIN2HEX(B148,2) -> FC | D148: =HEX2DEC(C148) -> 252
A149: 2 | B149: =MID($B$145,(A149-1)*8+1, 8) -> 11110110 | C149: =BIN2HEX(B149,2) -> F6 | D149: =HEX2DEC(C149) -> 246
A150: 3 | B150: =MID($B$145,(A150-1)*8+1, 8) -> 01110001 | C150: =BIN2HEX(B150,2) -> 71 | D150: =HEX2DEC(C150) -> 113
A151: 4 | B151: =MID($B$145,(A151-1)*8+1, 8) -> 01000110 | C151: =BIN2HEX(B151,2) -> 46 | D151: =HEX2DEC(C151) -> 70

Sheet f(R11,K12)
A2: =L6 -> K12 | D2: =Input!I12 -> 011100010111000111110101010001010101110011010101
A3: F=P(B)= | B3: {=INDIRECT("'f(" & L5 & "," & L7 & ")'!B145")} -> 11111100111101100111000101000110
A4: =L4 -> L10 | B4: {=INDIRECT("'f(" & L5 & "," & L7 & ")'!C22")} -> 10111000011100011001111111100110 | L4: L10 | M4: L11
A5: =L5 -> R10 | B5: {=INDIRECT("'f(" & L5 & "," & L7 & ")'!C14")} -> 10001010011110011111001001101010 | L5: R10 | M5: R11
L6: K12
A7: F | G7: =L4 -> L10 | L7: K11
A8: byte | B8: byte | C8: hexan | D8: dec | G8: byte | H8: byte | I8: hexan | J8: dec
A9: 1 | B9: =MID($B$3,(A9-1)*8+1, 8) -> 11111100 | C9: =BIN2HEX(B9,2) -> FC | D9: =HEX2DEC(C9) -> 252 | G9: 1 | H9: =MID($B$4,(G9-1)*8+1, 8) -> 10111000 | I9: =BIN2HEX(H9,2) -> B8 | J9: =HEX2DEC(I9) -> 184
A10: 2 | B10: =MID($B$3,(A10-1)*8+1, 8) -> 11110110 | C10: =BIN2HEX(B10,2) -> F6 | D10: =HEX2DEC(C10) -> 246 | G10: 2 | H10: =MID($B$4,(G10-1)*8+1, 8) -> 01110001 | I10: =BIN2HEX(H10,2) -> 71 | J10: =HEX2DEC(I10) -> 113
A11: 3 | B11: =MID($B$3,(A11-1)*8+1, 8) -> 01110001 | C11: =BIN2HEX(B11,2) -> 71 | D11: =HEX2DEC(C11) -> 113 | G11: 3 | H11: =MID($B$4,(G11-1)*8+1, 8) -> 10011111 | I11: =BIN2HEX(H11,2) -> 9F | J11: =HEX2DEC(I11) -> 159
A12: 4 | B12: =MID($B$3,(A12-1)*8+1, 8) -> 01000110 | C12: =BIN2HEX(B12,2) -> 46 | D12: =HEX2DEC(C12) -> 70 | G12: 4 | H12: =MID($B$4,(G12-1)*8+1, 8) -> 11100110 | I12: =BIN2HEX(H12,2) -> E6 | J12: =HEX2DEC(I12) -> 230
A14: =M5&" = F XOR "&L4&" =" -> R11 = F XOR L10 = | C14: =F17&F18&F19&F20 -> 01000100100001111110111010100000
C16: byte | D16: XOR | E16: HEX | F16: Bin
C17: 1 | D17: =BITXOR(J9,D9) -> 68 | E17: =DEC2HEX(D17,2) -> 44 | F17: =HEX2BIN(E17,8) -> 01000100
C18: 2 | D18: =BITXOR(J10,D10) -> 135 | E18: =DEC2HEX(D18,2) -> 87 | F18: =HEX2BIN(E18,8) -> 10000111
C19: 3 | D19: =BITXOR(J11,D11) -> 238 | E19: =DEC2HEX(D19,2) -> EE | F19: =HEX2BIN(E19,8) -> 11101110
C20: 4 | D20: =BITXOR(J12,D12) -> 160 | E20: =DEC2HEX(D20,2) -> A0 | F20: =HEX2BIN(E20,8) -> 10100000
A22: =M4&" = "&L5&" =" -> L11 = R10 = | C22: =B5 -> 10001010011110011111001001101010
A24: ="Mở rộng "&M5&" => E("&M5&")" -> Mở rộng R11 => E(R11) | D24: =B26 -> 001000001001010000001111111101011101010100000000
A25: bit
A26: =MID($C$14,Constanst!K3,1) -> 0 | B26: =A26&B27 -> 001000001001010000001111111101011101010100000000
A27: =MID($C$14,Constanst!K4,1) -> 0 | B27: =A27&B28 -> 01000001001010000001111111101011101010100000000
A28: =MID($C$14,Constanst!K5,1) -> 1 | B28: =A28&B29 -> 1000001001010000001111111101011101010100000000
A29: =MID($C$14,Constanst!K6,1) -> 0 | B29: =A29&B30 -> 000001001010000001111111101011101010100000000
A30: =MID($C$14,Constanst!K7,1) -> 0 | B30: =A30&B31 -> 00001001010000001111111101011101010100000000
A31: =MID($C$14,Constanst!K8,1) -> 0 | B31: =A31&B32 -> 0001001010000001111111101011101010100000000
A32: =MID($C$14,Constanst!K9,1) -> 0 | B32: =A32&B33 -> 001001010000001111111101011101010100000000
A33: =MID($C$14,Constanst!K10,1) -> 0 | B33: =A33&B34 -> 01001010000001111111101011101010100000000
A34: =MID($C$14,Constanst!K11,1) -> 1 | B34: =A34&B35 -> 1001010000001111111101011101010100000000
A35: =MID($C$14,Constanst!K12,1) -> 0 | B35: =A35&B36 -> 001010000001111111101011101010100000000
A36: =MID($C$14,Constanst!K13,1) -> 0 | B36: =A36&B37 -> 01010000001111111101011101010100000000
A37: =MID($C$14,Constanst!K14,1) -> 1 | B37: =A37&B38 -> 1010000001111111101011101010100000000
... A71: =MID($C$14,Constanst!K48,1) -> 0 | B71: =A71&B72 -> 000
A72: =MID($C$14,Constanst!K49,1) -> 0 | B72: =A72&A73 -> 00
A73: =MID($C$14,Constanst!K50,1) -> 0
A75: ="Thực hiện phép XOR A = E("&M5&") XOR "&L6 -> Thực hiện phép XOR A = E(R11) XOR K12
A76: ="Khóa " & L6 -> Khóa K12 | G76: ="E("&M5&")" -> E(R11)
A77: byte | B77: byte | C77: hexan | D77: decimal | G77: byte | H77: byte | I77: hexan | J77: decimal
A78: 1 | B78: =MID($D$2,(A78-1)*8+1, 8) -> 01110001 | C78: =BIN2HEX(B78,2) -> 71 | D78: =BIN2DEC(B78) -> 113 | G78: 1 | H78: =MID($D$24,(G78-1)*8+1, 8) -> 00100000 | I78: =BIN2HEX(H78,2) -> 20 | J78: =BIN2DEC(H78) -> 32
A79: 2 | B79: =MID($D$2,(A79-1)*8+1, 8) -> 01110001 | C79: =BIN2HEX(B79,2) -> 71 | D79: =BIN2DEC(B79) -> 113 | G79: 2 | H79: =MID($D$24,(G79-1)*8+1, 8) -> 10010100 | I79: =BIN2HEX(H79,2) -> 94 | J79: =BIN2DEC(H79) -> 148
A80: 3 | B80: =MID($D$2,(A80-1)*8+1, 8) -> 11110101 | C80: =BIN2HEX(B80,2) -> F5 | D80: =BIN2DEC(B80) -> 245 | G80: 3 | H80: =MID($D$24,(G80-1)*8+1, 8) -> 00001111 | I80: =BIN2HEX(H80,2) -> 0F | J80: =BIN2DEC(H80) -> 15
A81: 4 | B81: =MID($D$2,(A81-1)*8+1, 8) -> 01000101 | C81: =BIN2HEX(B81,2) -> 45 | D81: =BIN2DEC(B81) -> 69 | G81: 4 | H81: =MID($D$24,(G81-1)*8+1, 8) -> 11110101 | I81: =BIN2HEX(H81,2) -> F5 | J81: =BIN2DEC(H81) -> 245
A82: 5 | B82: =MID($D$2,(A82-1)*8+1, 8) -> 01011100 | C82: =BIN2HEX(B82,2) -> 5C | D82: =BIN2DEC(B82) -> 92 | G82: 5 | H82: =MID($D$24,(G82-1)*8+1, 8) -> 11010101 | I82: =BIN2HEX(H82,2) -> D5 | J82: =BIN2DEC(H82) -> 213
A83: 6 | B83: =MID($D$2,(A83-1)*8+1, 8) -> 11010101 | C83: =BIN2HEX(B83,2) -> D5 | D83: =BIN2DEC(B83) -> 213 | G83: 6 | H83: =MID($D$24,(G83-1)*8+1, 8) -> 00000000 | I83: =BIN2HEX(H83,2) -> 00 | J83: =BIN2DEC(H83) -> 0
A85: Byte | B85: ="XOR(E"&M5&", "&L6&")" -> XOR(ER11, K12) | C85: Binary | D85: hexan
A86: 1 | B86: =BITXOR(D78,J78) -> 81 | C86: =DEC2BIN(B86,8) -> 01010001 | D86: =BIN2HEX(C86,2) -> 51
A87: 2 | B87: =BITXOR(D79,J79) -> 229 | C87: =DEC2BIN(B87,8) -> 11100101 | D87: =BIN2HEX(C87,2) -> E5
A88: 3 | B88: =BITXOR(D80,J80) -> 250 | C88: =DEC2BIN(B88,8) -> 11111010 | D88: =BIN2HEX(C88,2) -> FA
A89: 4 | B89: =BITXOR(D81,J81) -> 176 | C89: =DEC2BIN(B89,8) -> 10110000 | D89: =BIN2HEX(C89,2) -> B0
A90: 5 | B90: =BITXOR(D82,J82) -> 137 | C90: =DEC2BIN(B90,8) -> 10001001 | D90: =BIN2HEX(C90,2) -> 89
A91: 6 | B91: =BITXOR(D83,J83) -> 213 | C91: =DEC2BIN(B91,8) -> 11010101 | D91: =BIN2HEX(C91,2) -> D5
B93: ="A = E"&M5&" XOR "&L6&" =" -> A = ER11 XOR K12 = | D93: =C86&C87&C88&C89&C90&C91 -> 010100011110010111111010101100001000100111010101
A95: Thực hiện phép thế | E95: Hàng = bit đầu + bit cuối
E96: Cột = 4 bit giữa
A97: cặp 6 bit | C97: hàng | D97: cột | F97: Chỉ số mảng | G97: Tra bảng S
A98: 1 | B98: =MID($D$93, (A98-1)*6+1,6) -> 010100 | C98: =LEFT(B98,1)&(RIGHT(B98,1)) -> 00 | D98: =MID(B98,2,4) -> 1010 | E98: =C98&D98 -> 001010 | F98: =BIN2DEC(E98) -> 10 | G98: =VLOOKUP(F98,Constanst!$M$3:$U$66,2,TRUE) -> 6 | H98: =DEC2BIN(G98,4) -> 0110 | I98: =H98 -> 0110
A99: 2 | B99: =MID($D$93, (A99-1)*6+1,6) -> 011110 | C99: =LEFT(B99,1)&(RIGHT(B99,1)) -> 00 | D99: =MID(B99,2,4) -> 1111 | E99: =C99&D99 -> 001111 | F99: =BIN2DEC(E99) -> 15 | G99: =VLOOKUP(F99,Constanst!$M$3:$U$66,3,TRUE) -> 10 | H99: =DEC2BIN(G99,4) -> 1010 | I99: =I98&H99 -> 01101010
A100: 3 | B100: =MID($D$93, (A100-1)*6+1,6) -> 010111 | C100: =LEFT(B100,1)&(RIGHT(B100,1)) -> 01 | D100: =MID(B100,2,4) -> 1011 | E100: =C100&D100 -> 011011 | F100: =BIN2DEC(E100) -> 27 | G100: =VLOOKUP(F100,Constanst!$M$3:$U$66,4,TRUE) -> 14 | H100: =DEC2BIN(G100,4) -> 1110 | I100: =I99&H100 -> 011010101110
A101: 4 | B101: =MID($D$93, (A101-1)*6+1,6) -> 111010 | C101: =LEFT(B101,1)&(RIGHT(B101,1)) -> 10 | D101: =MID(B101,2,4) -> 1101 | E101: =C101&D101 -> 101101 | F101: =BIN2DEC(E101) -> 45 | G101: =VLOOKUP(F101,Constanst!$M$3:$U$66,5,TRUE) -> 2 | H101: =DEC2BIN(G101,4) -> 0010 | I101: =I100&H101 -> 0110101011100010
A102: 5 | B102: =MID($D$93, (A102-1)*6+1,6) -> 101100 | C102: =LEFT(B102,1)&(RIGHT(B102,1)) -> 10 | D102: =MID(B102,2,4) -> 0110 | E102: =C102&D102 -> 100110 | F102: =BIN2DEC(E102) -> 38 | G102: =VLOOKUP(F102,Constanst!$M$3:$U$66,6,TRUE) -> 7 | H102: =DEC2BIN(G102,4) -> 0111 | I102: =I101&H102 -> 01101010111000100111
A103: 6 | B103: =MID($D$93, (A103-1)*6+1,6) -> 001000 | C103: =LEFT(B103,1)&(RIGHT(B103,1)) -> 00 | D103: =MID(B103,2,4) -> 0100 | E103: =C103&D103 -> 000100 | F103: =BIN2DEC(E103) -> 4 | G103: =VLOOKUP(F103,Constanst!$M$3:$U$66,7,TRUE) -> 9 | H103: =DEC2BIN(G103,4) -> 1001 | I103: =I102&H103 -> 011010101110001001111001
A104: 7 | B104: =MID($D$93, (A104-1)*6+1,6) -> 100111 | C104: =LEFT(B104,1)&(RIGHT(B104,1)) -> 11 | D104: =MID(B104,2,4) -> 0011 | E104: =C104&D104 -> 110011 | F104: =BIN2DEC(E104) -> 51 | G104: =VLOOKUP(F104,Constanst!$M$3:$U$66,8,TRUE) -> 8 | H104: =DEC2BIN(G104,4) -> 1000 | I104: =I103&H104 -> 0110101011100010011110011000
A105: 8 | B105: =MID($D$93, (A105-1)*6+1,6) -> 010101 | C105: =LEFT(B105,1)&(RIGHT(B105,1)) -> 01 | D105: =MID(B105,2,4) -> 1010 | E105: =C105&D105 -> 011010 | F105: =BIN2DEC(E105) -> 26 | G105: =VLOOKUP(F105,Constanst!$M$3:$U$66,9,TRUE) -> 6 | H105: =DEC2BIN(G105,4) -> 0110 | I105: =I104&H105 -> 01101010111000100111100110000110
B107: B= | C107: =I105 -> 01101010111000100111100110000110
A109: Hoán vị P(B)
A111: bit
A112: =MID($C$107,Constanst!X3,1) -> 0
A113: =MID($C$107,Constanst!X4,1) -> 1 | B113: =A112&A113 -> 01
A114: =MID($C$107,Constanst!X5,1) -> 1 | B114: =B113&A114 -> 011
A115: =MID($C$107,Constanst!X6,1) -> 1 | B115: =B114&A115 -> 0111
A116: =MID($C$107,Constanst!X7,1) -> 0 | B116: =B115&A116 -> 01110
A117: =MID($C$107,Constanst!X8,1) -> 0 | B117: =B116&A117 -> 011100
A118: =MID($C$107,Constanst!X9,1) -> 0 | B118: =B117&A118 -> 0111000
A119: =MID($C$107,Constanst!X10,1) -> 0 | B119: =B118&A119 -> 01110000
A120: =MID($C$107,Constanst!X11,1) -> 0 | B120: =B119&A120 -> 011100000
A121: =MID($C$107,Constanst!X12,1) -> 1 | B121: =B120&A121 -> 0111000001
A122: =MID($C$107,Constanst!X13,1) -> 0 | B122: =B121&A122 -> 01110000010
A123: =MID($C$107,Constanst!X14,1) -> 0 | B123: =B122&A123 -> 011100000100
A124: =MID($C$107,Constanst!X15,1) -> 1 | B124: =B123&A124 -> 0111000001001
A125: =MID($C$107,Constanst!X16,1) -> 1 | B125: =B124&A125 -> 01110000010011
... A143: =MID($C$107,Constanst!X34,1) -> 1 | B143: =B142&A143 -> 01110000010011111010001110100101
A145: F=P(B)= | B145: =B143 -> 01110000010011111010001110100101
A147: byte | B147: byte | C147: hexan | D147: dec
A148: 1 | B148: =MID($B$145,(A148-1)*8+1, 8) -> 01110000 | C148: =BIN2HEX(B148,2) -> 70 | D148: =HEX2DEC(C148) -> 112
A149: 2 | B149: =MID($B$145,(A149-1)*8+1, 8) -> 01001111 | C149: =BIN2HEX(B149,2) -> 4F | D149: =HEX2DEC(C149) -> 79
A150: 3 | B150: =MID($B$145,(A150-1)*8+1, 8) -> 10100011 | C150: =BIN2HEX(B150,2) -> A3 | D150: =HEX2DEC(C150) -> 163
A151: 4 | B151: =MID($B$145,(A151-1)*8+1, 8) -> 10100101 | C151: =BIN2HEX(B151,2) -> A5 | D151: =HEX2DEC(C151) -> 165

Sheet f(R12,K13)
A2: =L6 -> K13 | D2: =Input!I13 -> 100101011100010111010001010010111000000011111101
A3: F=P(B)= | B3: {=INDIRECT("'f(" & L5 & "," & L7 & ")'!B145")} -> 01110000010011111010001110100101
A4: =L4 -> L11 | B4: {=INDIRECT("'f(" & L5 & "," & L7 & ")'!C22")} -> 10001010011110011111001001101010 | L4: L11 | M4: L12
A5: =L5 -> R11 | B5: {=INDIRECT("'f(" & L5 & "," & L7 & ")'!C14")} -> 01000100100001111110111010100000 | L5: R11 | M5: R12
L6: K13
A7: F | G7: =L4 -> L11 | L7: K12
A8: byte | B8: byte | C8: hexan | D8: dec | G8: byte | H8: byte | I8: hexan | J8: dec
A9: 1 | B9: =MID($B$3,(A9-1)*8+1, 8) -> 01110000 | C9: =BIN2HEX(B9,2) -> 70 | D9: =HEX2DEC(C9) -> 112 | G9: 1 | H9: =MID($B$4,(G9-1)*8+1, 8) -> 10001010 | I9: =BIN2HEX(H9,2) -> 8A | J9: =HEX2DEC(I9) -> 138
A10: 2 | B10: =MID($B$3,(A10-1)*8+1, 8) -> 01001111 | C10: =BIN2HEX(B10,2) -> 4F | D10: =HEX2DEC(C10) -> 79 | G10: 2 | H10: =MID($B$4,(G10-1)*8+1, 8) -> 01111001 | I10: =BIN2HEX(H10,2) -> 79 | J10: =HEX2DEC(I10) -> 121
A11: 3 | B11: =MID($B$3,(A11-1)*8+1, 8) -> 10100011 | C11: =BIN2HEX(B11,2) -> A3 | D11: =HEX2DEC(C11) -> 163 | G11: 3 | H11: =MID($B$4,(G11-1)*8+1, 8) -> 11110010 | I11: =BIN2HEX(H11,2) -> F2 | J11: =HEX2DEC(I11) -> 242
A12: 4 | B12: =MID($B$3,(A12-1)*8+1, 8) -> 10100101 | C12: =BIN2HEX(B12,2) -> A5 | D12: =HEX2DEC(C12) -> 165 | G12: 4 | H12: =MID($B$4,(G12-1)*8+1, 8) -> 01101010 | I12: =BIN2HEX(H12,2) -> 6A | J12: =HEX2DEC(I12) -> 106
A14: =M5&" = F XOR "&L4&" =" -> R12 = F XOR L11 = | C14: =F17&F18&F19&F20 -> 11111010001101100101000111001111
C16: byte | D16: XOR | E16: HEX | F16: Bin
C17: 1 | D17: =BITXOR(J9,D9) -> 250 | E17: =DEC2HEX(D17,2) -> FA | F17: =HEX2BIN(E17,8) -> 11111010
C18: 2 | D18: =BITXOR(J10,D10) -> 54 | E18: =DEC2HEX(D18,2) -> 36 | F18: =HEX2BIN(E18,8) -> 00110110
C19: 3 | D19: =BITXOR(J11,D11) -> 81 | E19: =DEC2HEX(D19,2) -> 51 | F19: =HEX2BIN(E19,8) -> 01010001
C20: 4 | D20: =BITXOR(J12,D12) -> 207 | E20: =DEC2HEX(D20,2) -> CF | F20: =HEX2BIN(E20,8) -> 11001111
A22: =M4&" = "&L5&" =" -> L12 = R11 = | C22: =B5 -> 01000100100001111110111010100000
A24: ="Mở rộng "&M5&" => E("&M5&")" -> Mở rộng R12 => E(R12) | D24: =B26 -> 111111110100000110101100001010100011111001011111
A25: bit
A26: =MID($C$14,Constanst!K3,1) -> 1 | B26: =A26&B27 -> 111111110100000110101100001010100011111001011111
A27: =MID($C$14,Constanst!K4,1) -> 1 | B27: =A27&B28 -> 11111110100000110101100001010100011111001011111
A28: =MID($C$14,Constanst!K5,1) -> 1 | B28: =A28&B29 -> 1111110100000110101100001010100011111001011111
A29: =MID($C$14,Constanst!K6,1) -> 1 | B29: =A29&B30 -> 111110100000110101100001010100011111001011111
A30: =MID($C$14,Constanst!K7,1) -> 1 | B30: =A30&B31 -> 11110100000110101100001010100011111001011111
A31: =MID($C$14,Constanst!K8,1) -> 1 | B31: =A31&B32 -> 1110100000110101100001010100011111001011111
A32: =MID($C$14,Constanst!K9,1) -> 1 | B32: =A32&B33 -> 110100000110101100001010100011111001011111
A33: =MID($C$14,Constanst!K10,1) -> 1 | B33: =A33&B34 -> 10100000110101100001010100011111001011111
A34: =MID($C$14,Constanst!K11,1) -> 0 | B34: =A34&B35 -> 0100000110101100001010100011111001011111
A35: =MID($C$14,Constanst!K12,1) -> 1 | B35: =A35&B36 -> 100000110101100001010100011111001011111
A36: =MID($C$14,Constanst!K13,1) -> 0 | B36: =A36&B37 -> 00000110101100001010100011111001011111
A37: =MID($C$14,Constanst!K14,1) -> 0 | B37: =A37&B38 -> 0000110101100001010100011111001011111
... A71: =MID($C$14,Constanst!K48,1) -> 1 | B71: =A71&B72 -> 111
A72: =MID($C$14,Constanst!K49,1) -> 1 | B72: =A72&A73 -> 11
A73: =MID($C$14,Constanst!K50,1) -> 1
A75: ="Thực hiện phép XOR A = E("&M5&") XOR "&L6 -> Thực hiện phép XOR A = E(R12) XOR K13
A76: ="Khóa " & L6 -> Khóa K13 | G76: ="E("&M5&")" -> E(R12)
A77: byte | B77: byte | C77: hexan | D77: decimal | G77: byte | H77: byte | I77: hexan | J77: decimal
A78: 1 | B78: =MID($D$2,(A78-1)*8+1, 8) -> 10010101 | C78: =BIN2HEX(B78,2) -> 95 | D78: =BIN2DEC(B78) -> 149 | G78: 1 | H78: =MID($D$24,(G78-1)*8+1, 8) -> 11111111 | I78: =BIN2HEX(H78,2) -> FF | J78: =BIN2DEC(H78) -> 255
A79: 2 | B79: =MID($D$2,(A79-1)*8+1, 8) -> 11000101 | C79: =BIN2HEX(B79,2) -> C5 | D79: =BIN2DEC(B79) -> 197 | G79: 2 | H79: =MID($D$24,(G79-1)*8+1, 8) -> 01000001 | I79: =BIN2HEX(H79,2) -> 41 | J79: =BIN2DEC(H79) -> 65
A80: 3 | B80: =MID($D$2,(A80-1)*8+1, 8) -> 11010001 | C80: =BIN2HEX(B80,2) -> D1 | D80: =BIN2DEC(B80) -> 209 | G80: 3 | H80: =MID($D$24,(G80-1)*8+1, 8) -> 10101100 | I80: =BIN2HEX(H80,2) -> AC | J80: =BIN2DEC(H80) -> 172
A81: 4 | B81: =MID($D$2,(A81-1)*8+1, 8) -> 01001011 | C81: =BIN2HEX(B81,2) -> 4B | D81: =BIN2DEC(B81) -> 75 | G81: 4 | H81: =MID($D$24,(G81-1)*8+1, 8) -> 00101010 | I81: =BIN2HEX(H81,2) -> 2A | J81: =BIN2DEC(H81) -> 42
A82: 5 | B82: =MID($D$2,(A82-1)*8+1, 8) -> 10000000 | C82: =BIN2HEX(B82,2) -> 80 | D82: =BIN2DEC(B82) -> 128 | G82: 5 | H82: =MID($D$24,(G82-1)*8+1, 8) -> 00111110 | I82: =BIN2HEX(H82,2) -> 3E | J82: =BIN2DEC(H82) -> 62
A83: 6 | B83: =MID($D$2,(A83-1)*8+1, 8) -> 11111101 | C83: =BIN2HEX(B83,2) -> FD | D83: =BIN2DEC(B83) -> 253 | G83: 6 | H83: =MID($D$24,(G83-1)*8+1, 8) -> 01011111 | I83: =BIN2HEX(H83,2) -> 5F | J83: =BIN2DEC(H83) -> 95
A85: Byte | B85: ="XOR(E"&M5&", "&L6&")" -> XOR(ER12, K13) | C85: Binary | D85: hexan
A86: 1 | B86: =BITXOR(D78,J78) -> 106 | C86: =DEC2BIN(B86,8) -> 01101010 | D86: =BIN2HEX(C86,2) -> 6A
A87: 2 | B87: =BITXOR(D79,J79) -> 132 | C87: =DEC2BIN(B87,8) -> 10000100 | D87: =BIN2HEX(C87,2) -> 84
A88: 3 | B88: =BITXOR(D80,J80) -> 125 | C88: =DEC2BIN(B88,8) -> 01111101 | D88: =BIN2HEX(C88,2) -> 7D
A89: 4 | B89: =BITXOR(D81,J81) -> 97 | C89: =DEC2BIN(B89,8) -> 01100001 | D89: =BIN2HEX(C89,2) -> 61
A90: 5 | B90: =BITXOR(D82,J82) -> 190 | C90: =DEC2BIN(B90,8) -> 10111110 | D90: =BIN2HEX(C90,2) -> BE
A91: 6 | B91: =BITXOR(D83,J83) -> 162 | C91: =DEC2BIN(B91,8) -> 10100010 | D91: =BIN2HEX(C91,2) -> A2
B93: ="A = E"&M5&" XOR "&L6&" =" -> A = ER12 XOR K13 = | D93: =C86&C87&C88&C89&C90&C91 -> 011010101000010001111101011000011011111010100010
A95: Thực hiện phép thế | E95: Hàng = bit đầu + bit cuối
E96: Cột = 4 bit giữa
A97: cặp 6 bit | C97: hàng | D97: cột | F97: Chỉ số mảng | G97: Tra bảng S
A98: 1 | B98: =MID($D$93, (A98-1)*6+1,6) -> 011010 | C98: =LEFT(B98,1)&(RIGHT(B98,1)) -> 00 | D98: =MID(B98,2,4) -> 1101 | E98: =C98&D98 -> 001101 | F98: =BIN2DEC(E98) -> 13 | G98: =VLOOKUP(F98,Constanst!$M$3:$U$66,2,TRUE) -> 9 | H98: =DEC2BIN(G98,4) -> 1001 | I98: =H98 -> 1001
A99: 2 | B99: =MID($D$93, (A99-1)*6+1,6) -> 101000 | C99: =LEFT(B99,1)&(RIGHT(B99,1)) -> 10 | D99: =MID(B99,2,4) -> 0100 | E99: =C99&D99 -> 100100 | F99: =BIN2DEC(E99) -> 36 | G99: =VLOOKUP(F99,Constanst!$M$3:$U$66,3,TRUE) -> 10 | H99: =DEC2BIN(G99,4) -> 1010 | I99: =I98&H99 -> 10011010
A100: 3 | B100: =MID($D$93, (A100-1)*6+1,6) -> 010001 | C100: =LEFT(B100,1)&(RIGHT(B100,1)) -> 01 | D100: =MID(B100,2,4) -> 1000 | E100: =C100&D100 -> 011000 | F100: =BIN2DEC(E100) -> 24 | G100: =VLOOKUP(F100,Constanst!$M$3:$U$66,4,TRUE) -> 2 | H100: =DEC2BIN(G100,4) -> 0010 | I100: =I99&H100 -> 100110100010
A101: 4 | B101: =MID($D$93, (A101-1)*6+1,6) -> 111101 | C101: =LEFT(B101,1)&(RIGHT(B101,1)) -> 11 | D101: =MID(B101,2,4) -> 1110 | E101: =C101&D101 -> 111110 | F101: =BIN2DEC(E101) -> 62 | G101: =VLOOKUP(F101,Constanst!$M$3:$U$66,5,TRUE) -> 2 | H101: =DEC2BIN(G101,4) -> 0010 | I101: =I100&H101 -> 1001101000100010
A102: 5 | B102: =MID($D$93, (A102-1)*6+1,6) -> 011000 | C102: =LEFT(B102,1)&(RIGHT(B102,1)) -> 00 | D102: =MID(B102,2,4) -> 1100 | E102: =C102&D102 -> 001100 | F102: =BIN2DEC(E102) -> 12 | G102: =VLOOKUP(F102,Constanst!$M$3:$U$66,6,TRUE) -> 13 | H102: =DEC2BIN(G102,4) -> 1101 | I102: =I101&H102 -> 10011010001000101101
A103: 6 | B103: =MID($D$93, (A103-1)*6+1,6) -> 011011 | C103: =LEFT(B103,1)&(RIGHT(B103,1)) -> 01 | D103: =MID(B103,2,4) -> 1101 | E103: =C103&D103 -> 011101 | F103: =BIN2DEC(E103) -> 29 | G103: =VLOOKUP(F103,Constanst!$M$3:$U$66,7,TRUE) -> 11 | H103: =DEC2BIN(G103,4) -> 1011 | I103: =I102&H103 -> 100110100010001011011011
A104: 7 | B104: =MID($D$93, (A104-1)*6+1,6) -> 111010 | C104: =LEFT(B104,1)&(RIGHT(B104,1)) -> 10 | D104: =MID(B104,2,4) -> 1101 | E104: =C104&D104 -> 101101 | F104: =BIN2DEC(E104) -> 45 | G104: =VLOOKUP(F104,Constanst!$M$3:$U$66,8,TRUE) -> 5 | H104: =DEC2BIN(G104,4) -> 0101 | I104: =I103&H104 -> 1001101000100010110110110101
A105: 8 | B105: =MID($D$93, (A105-1)*6+1,6) -> 100010 | C105: =LEFT(B105,1)&(RIGHT(B105,1)) -> 10 | D105: =MID(B105,2,4) -> 0001 | E105: =C105&D105 -> 100001 | F105: =BIN2DEC(E105) -> 33 | G105: =VLOOKUP(F105,Constanst!$M$3:$U$66,9,TRUE) -> 11 | H105: =DEC2BIN(G105,4) -> 1011 | I105: =I104&H105 -> 10011010001000101101101101011011
B107: B= | C107: =I105 -> 10011010001000101101101101011011
A109: Hoán vị P(B)
A111: bit
A112: =MID($C$107,Constanst!X3,1) -> 0
A113: =MID($C$107,Constanst!X4,1) -> 1 | B113: =A112&A113 -> 01
A114: =MID($C$107,Constanst!X5,1) -> 1 | B114: =B113&A114 -> 011
A115: =MID($C$107,Constanst!X6,1) -> 1 | B115: =B114&A115 -> 0111
A116: =MID($C$107,Constanst!X7,1) -> 1 | B116: =B115&A116 -> 01111
A117: =MID($C$107,Constanst!X8,1) -> 0 | B117: =B116&A117 -> 011110
A118: =MID($C$107,Constanst!X9,1) -> 1 | B118: =B117&A118 -> 0111101
A119: =MID($C$107,Constanst!X10,1) -> 1 | B119: =B118&A119 -> 01111011
A120: =MID($C$107,Constanst!X11,1) -> 1 | B120: =B119&A120 -> 011110111
A121: =MID($C$107,Constanst!X12,1) -> 1 | B121: =B120&A121 -> 0111101111
A122: =MID($C$107,Constanst!X13,1) -> 1 | B122: =B121&A122 -> 01111011111
A123: =MID($C$107,Constanst!X14,1) -> 1 | B123: =B122&A123 -> 011110111111
A124: =MID($C$107,Constanst!X15,1) -> 1 | B124: =B123&A124 -> 0111101111111
A125: =MID($C$107,Constanst!X16,1) -> 1 | B125: =B124&A125 -> 01111011111111
... A143: =MID($C$107,Constanst!X34,1) -> 0 | B143: =B142&A143 -> 01111011111111100010100000000110
A145: F=P(B)= | B145: =B143 -> 01111011111111100010100000000110
A147: byte | B147: byte | C147: hexan | D147: dec
A148: 1 | B148: =MID($B$145,(A148-1)*8+1, 8) -> 01111011 | C148: =BIN2HEX(B148,2) -> 7B | D148: =HEX2DEC(C148) -> 123
A149: 2 | B149: =MID($B$145,(A149-1)*8+1, 8) -> 11111110 | C149: =BIN2HEX(B149,2) -> FE | D149: =HEX2DEC(C149) -> 254
A150: 3 | B150: =MID($B$145,(A150-1)*8+1, 8) -> 00101000 | C150: =BIN2HEX(B150,2) -> 28 | D150: =HEX2DEC(C150) -> 40
A151: 4 | B151: =MID($B$145,(A151-1)*8+1, 8) -> 00000110 | C151: =BIN2HEX(B151,2) -> 06 | D151: =HEX2DEC(C151) -> 6

Sheet f(R13,K14)
A2: =L6 -> K14 | D2: =Input!I14 -> 010101110100001110110111100000111101110110001101
A3: F=P(B)= | B3: {=INDIRECT("'f(" & L5 & "," & L7 & ")'!B145")} -> 01111011111111100010100000000110
A4: =L4 -> L12 | B4: {=INDIRECT("'f(" & L5 & "," & L7 & ")'!C22")} -> 01000100100001111110111010100000 | L4: L12 | M4: L13
A5: =L5 -> R12 | B5: {=INDIRECT("'f(" & L5 & "," & L7 & ")'!C14")} -> 11111010001101100101000111001111 | L5: R12 | M5: R13
L6: K14
A7: F | G7: =L4 -> L12 | L7: K13
A8: byte | B8: byte | C8: hexan | D8: dec | G8: byte | H8: byte | I8: hexan | J8: dec
A9: 1 | B9: =MID($B$3,(A9-1)*8+1, 8) -> 01111011 | C9: =BIN2HEX(B9,2) -> 7B | D9: =HEX2DEC(C9) -> 123 | G9: 1 | H9: =MID($B$4,(G9-1)*8+1, 8) -> 01000100 | I9: =BIN2HEX(H9,2) -> 44 | J9: =HEX2DEC(I9) -> 68
A10: 2 | B10: =MID($B$3,(A10-1)*8+1, 8) -> 11111110 | C10: =BIN2HEX(B10,2) -> FE | D10: =HEX2DEC(C10) -> 254 | G10: 2 | H10: =MID($B$4,(G10-1)*8+1, 8) -> 10000111 | I10: =BIN2HEX(H10,2) -> 87 | J10: =HEX2DEC(I10) -> 135
A11: 3 | B11: =MID($B$3,(A11-1)*8+1, 8) -> 00101000 | C11: =BIN2HEX(B11,2) -> 28 | D11: =HEX2DEC(C11) -> 40 | G11: 3 | H11: =MID($B$4,(G11-1)*8+1, 8) -> 11101110 | I11: =BIN2HEX(H11,2) -> EE | J11: =HEX2DEC(I11) -> 238
A12: 4 | B12: =MID($B$3,(A12-1)*8+1, 8) -> 00000110 | C12: =BIN2HEX(B12,2) -> 06 | D12: =HEX2DEC(C12) -> 6 | G12: 4 | H12: =MID($B$4,(G12-1)*8+1, 8) -> 10100000 | I12: =BIN2HEX(H12,2) -> A0 | J12: =HEX2DEC(I12) -> 160
A14: =M5&" = F XOR "&L4&" =" -> R13 = F XOR L12 = | C14: =F17&F18&F19&F20 -> 00111111011110011100011010100110
C16: byte | D16: XOR | E16: HEX | F16: Bin
C17: 1 | D17: =BITXOR(J9,D9) -> 63 | E17: =DEC2HEX(D17,2) -> 3F | F17: =HEX2BIN(E17,8) -> 00111111
C18: 2 | D18: =BITXOR(J10,D10) -> 121 | E18: =DEC2HEX(D18,2) -> 79 | F18: =HEX2BIN(E18,8) -> 01111001
C19: 3 | D19: =BITXOR(J11,D11) -> 198 | E19: =DEC2HEX(D19,2) -> C6 | F19: =HEX2BIN(E19,8) -> 11000110
C20: 4 | D20: =BITXOR(J12,D12) -> 166 | E20: =DEC2HEX(D20,2) -> A6 | F20: =HEX2BIN(E20,8) -> 10100110
A22: =M4&" = "&L5&" =" -> L13 = R12 = | C22: =B5 -> 11111010001101100101000111001111
A24: ="Mở rộng "&M5&" => E("&M5&")" -> Mở rộng R13 => E(R13) | D24: =B26 -> 000111111110101111110011111000001101010100001100
A25: bit
A26: =MID($C$14,Constanst!K3,1) -> 0 | B26: =A26&B27 -> 000111111110101111110011111000001101010100001100
A27: =MID($C$14,Constanst!K4,1) -> 0 | B27: =A27&B28 -> 00111111110101111110011111000001101010100001100
A28: =MID($C$14,Constanst!K5,1) -> 0 | B28: =A28&B29 -> 0111111110101111110011111000001101010100001100
A29: =MID($C$14,Constanst!K6,1) -> 1 | B29: =A29&B30 -> 111111110101111110011111000001101010100001100
A30: =MID($C$14,Constanst!K7,1) -> 1 | B30: =A30&B31 -> 11111110101111110011111000001101010100001100
A31: =MID($C$14,Constanst!K8,1) -> 1 | B31: =A31&B32 -> 1111110101111110011111000001101010100001100
A32: =MID($C$14,Constanst!K9,1) -> 1 | B32: =A32&B33 -> 111110101111110011111000001101010100001100
A33: =MID($C$14,Constanst!K10,1) -> 1 | B33: =A33&B34 -> 11110101111110011111000001101010100001100
A34: =MID($C$14,Constanst!K11,1) -> 1 | B34: =A34&B35 -> 1110101111110011111000001101010100001100
A35: =MID($C$14,Constanst!K12,1) -> 1 | B35: =A35&B36 -> 110101111110011111000001101010100001100
A36: =MID($C$14,Constanst!K13,1) -> 1 | B36: =A36&B37 -> 10101111110011111000001101010100001100
A37: =MID($C$14,Constanst!K14,1) -> 0 | B37: =A37&B38 -> 0101111110011111000001101010100001100
... A71: =MID($C$14,Constanst!K48,1) -> 1 | B71: =A71&B72 -> 100
A72: =MID($C$14,Constanst!K49,1) -> 0 | B72: =A72&A73 -> 00
A73: =MID($C$14,Constanst!K50,1) -> 0
A75: ="Thực hiện phép XOR A = E("&M5&") XOR "&L6 -> Thực hiện phép XOR A = E(R13) XOR K14
A76: ="Khóa " & L6 -> Khóa K14 | G76: ="E("&M5&")" -> E(R13)
A77: byte | B77: byte | C77: hexan | D77: decimal | G77: byte | H77: byte | I77: hexan | J77: decimal
A78: 1 | B78: =MID($D$2,(A78-1)*8+1, 8) -> 01010111 | C78: =BIN2HEX(B78,2) -> 57 | D78: =BIN2DEC(B78) -> 87 | G78: 1 | H78: =MID($D$24,(G78-1)*8+1, 8) -> 00011111 | I78: =BIN2HEX(H78,2) -> 1F | J78: =BIN2DEC(H78) -> 31
A79: 2 | B79: =MID($D$2,(A79-1)*8+1, 8) -> 01000011 | C79: =BIN2HEX(B79,2) -> 43 | D79: =BIN2DEC(B79) -> 67 | G79: 2 | H79: =MID($D$24,(G79-1)*8+1, 8) -> 11101011 | I79: =BIN2HEX(H79,2) -> EB | J79: =BIN2DEC(H79) -> 235
A80: 3 | B80: =MID($D$2,(A80-1)*8+1, 8) -> 10110111 | C80: =BIN2HEX(B80,2) -> B7 | D80: =BIN2DEC(B80) -> 183 | G80: 3 | H80: =MID($D$24,(G80-1)*8+1, 8) -> 11110011 | I80: =BIN2HEX(H80,2) -> F3 | J80: =BIN2DEC(H80) -> 243
A81: 4 | B81: =MID($D$2,(A81-1)*8+1, 8) -> 10000011 | C81: =BIN2HEX(B81,2) -> 83 | D81: =BIN2DEC(B81) -> 131 | G81: 4 | H81: =MID($D$24,(G81-1)*8+1, 8) -> 11100000 | I81: =BIN2HEX(H81,2) -> E0 | J81: =BIN2DEC(H81) -> 224
A82: 5 | B82: =MID($D$2,(A82-1)*8+1, 8) -> 11011101 | C82: =BIN2HEX(B82,2) -> DD | D82: =BIN2DEC(B82) -> 221 | G82: 5 | H82: =MID($D$24,(G82-1)*8+1, 8) -> 11010101 | I82: =BIN2HEX(H82,2) -> D5 | J82: =BIN2DEC(H82) -> 213
A83: 6 | B83: =MID($D$2,(A83-1)*8+1, 8) -> 10001101 | C83: =BIN2HEX(B83,2) -> 8D | D83: =BIN2DEC(B83) -> 141 | G83: 6 | H83: =MID($D$24,(G83-1)*8+1, 8) -> 00001100 | I83: =BIN2HEX(H83,2) -> 0C | J83: =BIN2DEC(H83) -> 12
A85: Byte | B85: ="XOR(E"&M5&", "&L6&")" -> XOR(ER13, K14) | C85: Binary | D85: hexan
A86: 1 | B86: =BITXOR(D78,J78) -> 72 | C86: =DEC2BIN(B86,8) -> 01001000 | D86: =BIN2HEX(C86,2) -> 48
A87: 2 | B87: =BITXOR(D79,J79) -> 168 | C87: =DEC2BIN(B87,8) -> 10101000 | D87: =BIN2HEX(C87,2) -> A8
A88: 3 | B88: =BITXOR(D80,J80) -> 68 | C88: =DEC2BIN(B88,8) -> 01000100 | D88: =BIN2HEX(C88,2) -> 44
A89: 4 | B89: =BITXOR(D81,J81) -> 99 | C89: =DEC2BIN(B89,8) -> 01100011 | D89: =BIN2HEX(C89,2) -> 63
A90: 5 | B90: =BITXOR(D82,J82) -> 8 | C90: =DEC2BIN(B90,8) -> 00001000 | D90: =BIN2HEX(C90,2) -> 08
A91: 6 | B91: =BITXOR(D83,J83) -> 129 | C91: =DEC2BIN(B91,8) -> 10000001 | D91: =BIN2HEX(C91,2) -> 81
B93: ="A = E"&M5&" XOR "&L6&" =" -> A = ER13 XOR K14 = | D93: =C86&C87&C88&C89&C90&C91 -> 010010001010100001000100011000110000100010000001
A95: Thực hiện phép thế | E95: Hàng = bit đầu + bit cuối
E96: Cột = 4 bit giữa
A97: cặp 6 bit | C97: hàng | D97: cột | F97: Chỉ số mảng | G97: Tra bảng S
A98: 1 | B98: =MID($D$93, (A98-1)*6+1,6) -> 010010 | C98: =LEFT(B98,1)&(RIGHT(B98,1)) -> 00 | D98: =MID(B98,2,4) -> 1001 | E98: =C98&D98 -> 001001 | F98: =BIN2DEC(E98) -> 9 | G98: =VLOOKUP(F98,Constanst!$M$3:$U$66,2,TRUE) -> 10 | H98: =DEC2BIN(G98,4) -> 1010 | I98: =H98 -> 1010
A99: 2 | B99: =MID($D$93, (A99-1)*6+1,6) -> 001010 | C99: =LEFT(B99,1)&(RIGHT(B99,1)) -> 00 | D99: =MID(B99,2,4) -> 0101 | E99: =C99&D99 -> 000101 | F99: =BIN2DEC(E99) -> 5 | G99: =VLOOKUP(F99,Constanst!$M$3:$U$66,3,TRUE) -> 11 | H99: =DEC2BIN(G99,4) -> 1011 | I99: =I98&H99 -> 10101011
A100: 3 | B100: =MID($D$93, (A100-1)*6+1,6) -> 100001 | C100: =LEFT(B100,1)&(RIGHT(B100,1)) -> 11 | D100: =MID(B100,2,4) -> 0000 | E100: =C100&D100 -> 110000 | F100: =BIN2DEC(E100) -> 48 | G100: =VLOOKUP(F100,Constanst!$M$3:$U$66,4,TRUE) -> 1 | H100: =DEC2BIN(G100,4) -> 0001 | I100: =I99&H100 -> 101010110001
A101: 4 | B101: =MID($D$93, (A101-1)*6+1,6) -> 000100 | C101: =LEFT(B101,1)&(RIGHT(B101,1)) -> 00 | D101: =MID(B101,2,4) -> 0010 | E101: =C101&D101 -> 000010 | F101: =BIN2DEC(E101) -> 2 | G101: =VLOOKUP(F101,Constanst!$M$3:$U$66,5,TRUE) -> 14 | H101: =DEC2BIN(G101,4) -> 1110 | I101: =I100&H101 -> 1010101100011110
A102: 5 | B102: =MID($D$93, (A102-1)*6+1,6) -> 011000 | C102: =LEFT(B102,1)&(RIGHT(B102,1)) -> 00 | D102: =MID(B102,2,4) -> 1100 | E102: =C102&D102 -> 001100 | F102: =BIN2DEC(E102) -> 12 | G102: =VLOOKUP(F102,Constanst!$M$3:$U$66,6,TRUE) -> 13 | H102: =DEC2BIN(G102,4) -> 1101 | I102: =I101&H102 -> 10101011000111101101
A103: 6 | B103: =MID($D$93, (A103-1)*6+1,6) -> 110000 | C103: =LEFT(B103,1)&(RIGHT(B103,1)) -> 10 | D103: =MID(B103,2,4) -> 1000 | E103: =C103&D103 -> 101000 | F103: =BIN2DEC(E103) -> 40 | G103: =VLOOKUP(F103,Constanst!$M$3:$U$66,7,TRUE) -> 7 | H103: =DEC2BIN(G103,4) -> 0111 | I103: =I102&H103 -> 101010110001111011010111
A104: 7 | B104: =MID($D$93, (A104-1)*6+1,6) -> 100010 | C104: =LEFT(B104,1)&(RIGHT(B104,1)) -> 10 | D104: =MID(B104,2,4) -> 0001 | E104: =C104&D104 -> 100001 | F104: =BIN2DEC(E104) -> 33 | G104: =VLOOKUP(F104,Constanst!$M$3:$U$66,8,TRUE) -> 4 | H104: =DEC2BIN(G104,4) -> 0100 | I104: =I103&H104 -> 1010101100011110110101110100
A105: 8 | B105: =MID($D$93, (A105-1)*6+1,6) -> 000001 | C105: =LEFT(B105,1)&(RIGHT(B105,1)) -> 01 | D105: =MID(B105,2,4) -> 0000 | E105: =C105&D105 -> 010000 | F105: =BIN2DEC(E105) -> 16 | G105: =VLOOKUP(F105,Constanst!$M$3:$U$66,9,TRUE) -> 1 | H105: =DEC2BIN(G105,4) -> 0001 | I105: =I104&H105 -> 10101011000111101101011101000001
B107: B= | C107: =I105 -> 10101011000111101101011101000001
A109: Hoán vị P(B)
A111: bit
A112: =MID($C$107,Constanst!X3,1) -> 0
A113: =MID($C$107,Constanst!X4,1) -> 1 | B113: =A112&A113 -> 01
A114: =MID($C$107,Constanst!X5,1) -> 1 | B114: =B113&A114 -> 011
A115: =MID($C$107,Constanst!X6,1) -> 0 | B115: =B114&A115 -> 0110
A116: =MID($C$107,Constanst!X7,1) -> 0 | B116: =B115&A116 -> 01100
A117: =MID($C$107,Constanst!X8,1) -> 1 | B117: =B116&A117 -> 011001
A118: =MID($C$107,Constanst!X9,1) -> 0 | B118: =B117&A118 -> 0110010
A119: =MID($C$107,Constanst!X10,1) -> 1 | B119: =B118&A119 -> 01100101
A120: =MID($C$107,Constanst!X11,1) -> 1 | B120: =B119&A120 -> 011001011
A121: =MID($C$107,Constanst!X12,1) -> 1 | B121: =B120&A121 -> 0110010111
A122: =MID($C$107,Constanst!X13,1) -> 1 | B122: =B121&A122 -> 01100101111
A123: =MID($C$107,Constanst!X14,1) -> 1 | B123: =B122&A123 -> 011001011111
A124: =MID($C$107,Constanst!X15,1) -> 1 | B124: =B123&A124 -> 0110010111111
A125: =MID($C$107,Constanst!X16,1) -> 1 | B125: =B124&A125 -> 01100101111111
... A143: =MID($C$107,Constanst!X34,1) -> 0 | B143: =B142&A143 -> 01100101111111000111101001001000
A145: F=P(B)= | B145: =B143 -> 01100101111111000111101001001000
A147: byte | B147: byte | C147: hexan | D147: dec
A148: 1 | B148: =MID($B$145,(A148-1)*8+1, 8) -> 01100101 | C148: =BIN2HEX(B148,2) -> 65 | D148: =HEX2DEC(C148) -> 101
A149: 2 | B149: =MID($B$145,(A149-1)*8+1, 8) -> 11111100 | C149: =BIN2HEX(B149,2) -> FC | D149: =HEX2DEC(C149) -> 252
A150: 3 | B150: =MID($B$145,(A150-1)*8+1, 8) -> 01111010 | C150: =BIN2HEX(B150,2) -> 7A | D150: =HEX2DEC(C150) -> 122
A151: 4 | B151: =MID($B$145,(A151-1)*8+1, 8) -> 01001000 | C151: =BIN2HEX(B151,2) -> 48 | D151: =HEX2DEC(C151) -> 72

Sheet f(R14,K15)
A2: =L6 -> K15 | D2: =Input!I15 -> 101111111001000110000101000010100001011110110101
A3: F=P(B)= | B3: {=INDIRECT("'f(" & L5 & "," & L7 & ")'!B145")} -> 01100101111111000111101001001000
A4: =L4 -> L13 | B4: {=INDIRECT("'f(" & L5 & "," & L7 & ")'!C22")} -> 11111010001101100101000111001111 | L4: L13 | M4: L14
A5: =L5 -> R13 | B5: {=INDIRECT("'f(" & L5 & "," & L7 & ")'!C14")} -> 00111111011110011100011010100110 | L5: R13 | M5: R14
L6: K15
A7: F | G7: =L4 -> L13 | L7: K14
A8: byte | B8: byte | C8: hexan | D8: dec | G8: byte | H8: byte | I8: hexan | J8: dec
A9: 1 | B9: =MID($B$3,(A9-1)*8+1, 8) -> 01100101 | C9: =BIN2HEX(B9,2) -> 65 | D9: =HEX2DEC(C9) -> 101 | G9: 1 | H9: =MID($B$4,(G9-1)*8+1, 8) -> 11111010 | I9: =BIN2HEX(H9,2) -> FA | J9: =HEX2DEC(I9) -> 250
A10: 2 | B10: =MID($B$3,(A10-1)*8+1, 8) -> 11111100 | C10: =BIN2HEX(B10,2) -> FC | D10: =HEX2DEC(C10) -> 252 | G10: 2 | H10: =MID($B$4,(G10-1)*8+1, 8) -> 00110110 | I10: =BIN2HEX(H10,2) -> 36 | J10: =HEX2DEC(I10) -> 54
A11: 3 | B11: =MID($B$3,(A11-1)*8+1, 8) -> 01111010 | C11: =BIN2HEX(B11,2) -> 7A | D11: =HEX2DEC(C11) -> 122 | G11: 3 | H11: =MID($B$4,(G11-1)*8+1, 8) -> 01010001 | I11: =BIN2HEX(H11,2) -> 51 | J11: =HEX2DEC(I11) -> 81
A12: 4 | B12: =MID($B$3,(A12-1)*8+1, 8) -> 01001000 | C12: =BIN2HEX(B12,2) -> 48 | D12: =HEX2DEC(C12) -> 72 | G12: 4 | H12: =MID($B$4,(G12-1)*8+1, 8) -> 11001111 | I12: =BIN2HEX(H12,2) -> CF | J12: =HEX2DEC(I12) -> 207
A14: =M5&" = F XOR "&L4&" =" -> R14 = F XOR L13 = | C14: =F17&F18&F19&F20 -> 10011111110010100010101110000111
C16: byte | D16: XOR | E16: HEX | F16: Bin
C17: 1 | D17: =BITXOR(J9,D9) -> 159 | E17: =DEC2HEX(D17,2) -> 9F | F17: =HEX2BIN(E17,8) -> 10011111
C18: 2 | D18: =BITXOR(J10,D10) -> 202 | E18: =DEC2HEX(D18,2) -> CA | F18: =HEX2BIN(E18,8) -> 11001010
C19: 3 | D19: =BITXOR(J11,D11) -> 43 | E19: =DEC2HEX(D19,2) -> 2B | F19: =HEX2BIN(E19,8) -> 00101011
C20: 4 | D20: =BITXOR(J12,D12) -> 135 | E20: =DEC2HEX(D20,2) -> 87 | F20: =HEX2BIN(E20,8) -> 10000111
A22: =M4&" = "&L5&" =" -> L14 = R13 = | C22: =B5 -> 00111111011110011100011010100110
A24: ="Mở rộng "&M5&" => E("&M5&")" -> Mở rộng R14 => E(R14) | D24: =B26 -> 110011111111111001010100000101010111110000001111
A25: bit
A26: =MID($C$14,Constanst!K3,1) -> 1 | B26: =A26&B27 -> 110011111111111001010100000101010111110000001111
A27: =MID($C$14,Constanst!K4,1) -> 1 | B27: =A27&B28 -> 10011111111111001010100000101010111110000001111
A28: =MID($C$14,Constanst!K5,1) -> 0 | B28: =A28&B29 -> 0011111111111001010100000101010111110000001111
A29: =MID($C$14,Constanst!K6,1) -> 0 | B29: =A29&B30 -> 011111111111001010100000101010111110000001111
A30: =MID($C$14,Constanst!K7,1) -> 1 | B30: =A30&B31 -> 11111111111001010100000101010111110000001111
A31: =MID($C$14,Constanst!K8,1) -> 1 | B31: =A31&B32 -> 1111111111001010100000101010111110000001111
A32: =MID($C$14,Constanst!K9,1) -> 1 | B32: =A32&B33 -> 111111111001010100000101010111110000001111
A33: =MID($C$14,Constanst!K10,1) -> 1 | B33: =A33&B34 -> 11111111001010100000101010111110000001111
A34: =MID($C$14,Constanst!K11,1) -> 1 | B34: =A34&B35 -> 1111111001010100000101010111110000001111
A35: =MID($C$14,Constanst!K12,1) -> 1 | B35: =A35&B36 -> 111111001010100000101010111110000001111
A36: =MID($C$14,Constanst!K13,1) -> 1 | B36: =A36&B37 -> 11111001010100000101010111110000001111
A37: =MID($C$14,Constanst!K14,1) -> 1 | B37: =A37&B38 -> 1111001010100000101010111110000001111
... A71: =MID($C$14,Constanst!K48,1) -> 1 | B71: =A71&B72 -> 111
A72: =MID($C$14,Constanst!K49,1) -> 1 | B72: =A72&A73 -> 11
A73: =MID($C$14,Constanst!K50,1) -> 1
A75: ="Thực hiện phép XOR A = E("&M5&") XOR "&L6 -> Thực hiện phép XOR A = E(R14) XOR K15
A76: ="Khóa " & L6 -> Khóa K15 | G76: ="E("&M5&")" -> E(R14)
A77: byte | B77: byte | C77: hexan | D77: decimal | G77: byte | H77: byte | I77: hexan | J77: decimal
A78: 1 | B78: =MID($D$2,(A78-1)*8+1, 8) -> 10111111 | C78: =BIN2HEX(B78,2) -> BF | D78: =BIN2DEC(B78) -> 191 | G78: 1 | H78: =MID($D$24,(G78-1)*8+1, 8) -> 11001111 | I78: =BIN2HEX(H78,2) -> CF | J78: =BIN2DEC(H78) -> 207
A79: 2 | B79: =MID($D$2,(A79-1)*8+1, 8) -> 10010001 | C79: =BIN2HEX(B79,2) -> 91 | D79: =BIN2DEC(B79) -> 145 | G79: 2 | H79: =MID($D$24,(G79-1)*8+1, 8) -> 11111110 | I79: =BIN2HEX(H79,2) -> FE | J79: =BIN2DEC(H79) -> 254
A80: 3 | B80: =MID($D$2,(A80-1)*8+1, 8) -> 10000101 | C80: =BIN2HEX(B80,2) -> 85 | D80: =BIN2DEC(B80) -> 133 | G80: 3 | H80: =MID($D$24,(G80-1)*8+1, 8) -> 01010100 | I80: =BIN2HEX(H80,2) -> 54 | J80: =BIN2DEC(H80) -> 84
A81: 4 | B81: =MID($D$2,(A81-1)*8+1, 8) -> 00001010 | C81: =BIN2HEX(B81,2) -> 0A | D81: =BIN2DEC(B81) -> 10 | G81: 4 | H81: =MID($D$24,(G81-1)*8+1, 8) -> 00010101 | I81: =BIN2HEX(H81,2) -> 15 | J81: =BIN2DEC(H81) -> 21
A82: 5 | B82: =MID($D$2,(A82-1)*8+1, 8) -> 00010111 | C82: =BIN2HEX(B82,2) -> 17 | D82: =BIN2DEC(B82) -> 23 | G82: 5 | H82: =MID($D$24,(G82-1)*8+1, 8) -> 01111100 | I82: =BIN2HEX(H82,2) -> 7C | J82: =BIN2DEC(H82) -> 124
A83: 6 | B83: =MID($D$2,(A83-1)*8+1, 8) -> 10110101 | C83: =BIN2HEX(B83,2) -> B5 | D83: =BIN2DEC(B83) -> 181 | G83: 6 | H83: =MID($D$24,(G83-1)*8+1, 8) -> 00001111 | I83: =BIN2HEX(H83,2) -> 0F | J83: =BIN2DEC(H83) -> 15
A85: Byte | B85: ="XOR(E"&M5&", "&L6&")" -> XOR(ER14, K15) | C85: Binary | D85: hexan
A86: 1 | B86: =BITXOR(D78,J78) -> 112 | C86: =DEC2BIN(B86,8) -> 01110000 | D86: =BIN2HEX(C86,2) -> 70
A87: 2 | B87: =BITXOR(D79,J79) -> 111 | C87: =DEC2BIN(B87,8) -> 01101111 | D87: =BIN2HEX(C87,2) -> 6F
A88: 3 | B88: =BITXOR(D80,J80) -> 209 | C88: =DEC2BIN(B88,8) -> 11010001 | D88: =BIN2HEX(C88,2) -> D1
A89: 4 | B89: =BITXOR(D81,J81) -> 31 | C89: =DEC2BIN(B89,8) -> 00011111 | D89: =BIN2HEX(C89,2) -> 1F
A90: 5 | B90: =BITXOR(D82,J82) -> 107 | C90: =DEC2BIN(B90,8) -> 01101011 | D90: =BIN2HEX(C90,2) -> 6B
A91: 6 | B91: =BITXOR(D83,J83) -> 186 | C91: =DEC2BIN(B91,8) -> 10111010 | D91: =BIN2HEX(C91,2) -> BA
B93: ="A = E"&M5&" XOR "&L6&" =" -> A = ER14 XOR K15 = | D93: =C86&C87&C88&C89&C90&C91 -> 011100000110111111010001000111110110101110111010
A95: Thực hiện phép thế | E95: Hàng = bit đầu + bit cuối
E96: Cột = 4 bit giữa
A97: cặp 6 bit | C97: hàng | D97: cột | F97: Chỉ số mảng | G97: Tra bảng S
A98: 1 | B98: =MID($D$93, (A98-1)*6+1,6) -> 011100 | C98: =LEFT(B98,1)&(RIGHT(B98,1)) -> 00 | D98: =MID(B98,2,4) -> 1110 | E98: =C98&D98 -> 001110 | F98: =BIN2DEC(E98) -> 14 | G98: =VLOOKUP(F98,Constanst!$M$3:$U$66,2,TRUE) -> 0 | H98: =DEC2BIN(G98,4) -> 0000 | I98: =H98 -> 0000
A99: 2 | B99: =MID($D$93, (A99-1)*6+1,6) -> 000110 | C99: =LEFT(B99,1)&(RIGHT(B99,1)) -> 00 | D99: =MID(B99,2,4) -> 0011 | E99: =C99&D99 -> 000011 | F99: =BIN2DEC(E99) -> 3 | G99: =VLOOKUP(F99,Constanst!$M$3:$U$66,3,TRUE) -> 14 | H99: =DEC2BIN(G99,4) -> 1110 | I99: =I98&H99 -> 00001110
A100: 3 | B100: =MID($D$93, (A100-1)*6+1,6) -> 111111 | C100: =LEFT(B100,1)&(RIGHT(B100,1)) -> 11 | D100: =MID(B100,2,4) -> 1111 | E100: =C100&D100 -> 111111 | F100: =BIN2DEC(E100) -> 63 | G100: =VLOOKUP(F100,Constanst!$M$3:$U$66,4,TRUE) -> 12 | H100: =DEC2BIN(G100,4) -> 1100 | I100: =I99&H100 -> 000011101100
A101: 4 | B101: =MID($D$93, (A101-1)*6+1,6) -> 010001 | C101: =LEFT(B101,1)&(RIGHT(B101,1)) -> 01 | D101: =MID(B101,2,4) -> 1000 | E101: =C101&D101 -> 011000 | F101: =BIN2DEC(E101) -> 24 | G101: =VLOOKUP(F101,Constanst!$M$3:$U$66,5,TRUE) -> 4 | H101: =DEC2BIN(G101,4) -> 0100 | I101: =I100&H101 -> 0000111011000100
A102: 5 | B102: =MID($D$93, (A102-1)*6+1,6) -> 000111 | C102: =LEFT(B102,1)&(RIGHT(B102,1)) -> 01 | D102: =MID(B102,2,4) -> 0011 | E102: =C102&D102 -> 010011 | F102: =BIN2DEC(E102) -> 19 | G102: =VLOOKUP(F102,Constanst!$M$3:$U$66,6,TRUE) -> 12 | H102: =DEC2BIN(G102,4) -> 1100 | I102: =I101&H102 -> 00001110110001001100
A103: 6 | B103: =MID($D$93, (A103-1)*6+1,6) -> 110110 | C103: =LEFT(B103,1)&(RIGHT(B103,1)) -> 10 | D103: =MID(B103,2,4) -> 1011 | E103: =C103&D103 -> 101011 | F103: =BIN2DEC(E103) -> 43 | G103: =VLOOKUP(F103,Constanst!$M$3:$U$66,7,TRUE) -> 10 | H103: =DEC2BIN(G103,4) -> 1010 | I103: =I102&H103 -> 000011101100010011001010
A104: 7 | B104: =MID($D$93, (A104-1)*6+1,6) -> 101110 | C104: =LEFT(B104,1)&(RIGHT(B104,1)) -> 10 | D104: =MID(B104,2,4) -> 0111 | E104: =C104&D104 -> 100111 | F104: =BIN2DEC(E104) -> 39 | G104: =VLOOKUP(F104,Constanst!$M$3:$U$66,8,TRUE) -> 14 | H104: =DEC2BIN(G104,4) -> 1110 | I104: =I103&H104 -> 0000111011000100110010101110
A105: 8 | B105: =MID($D$93, (A105-1)*6+1,6) -> 111010 | C105: =LEFT(B105,1)&(RIGHT(B105,1)) -> 10 | D105: =MID(B105,2,4) -> 1101 | E105: =C105&D105 -> 101101 | F105: =BIN2DEC(E105) -> 45 | G105: =VLOOKUP(F105,Constanst!$M$3:$U$66,9,TRUE) -> 3 | H105: =DEC2BIN(G105,4) -> 0011 | I105: =I104&H105 -> 00001110110001001100101011100011
B107: B= | C107: =I105 -> 00001110110001001100101011100011
A109: Hoán vị P(B)
A111: bit
A112: =MID($C$107,Constanst!X3,1) -> 0
A113: =MID($C$107,Constanst!X4,1) -> 1 | B113: =A112&A113 -> 01
A114: =MID($C$107,Constanst!X5,1) -> 0 | B114: =B113&A114 -> 010
A115: =MID($C$107,Constanst!X6,1) -> 1 | B115: =B114&A115 -> 0101
A116: =MID($C$107,Constanst!X7,1) -> 0 | B116: =B115&A116 -> 01010
A117: =MID($C$107,Constanst!X8,1) -> 0 | B117: =B116&A117 -> 010100
A118: =MID($C$107,Constanst!X9,1) -> 0 | B118: =B117&A118 -> 0101000
A119: =MID($C$107,Constanst!X10,1) -> 1 | B119: =B118&A119 -> 01010001
A120: =MID($C$107,Constanst!X11,1) -> 0 | B120: =B119&A120 -> 010100010
A121: =MID($C$107,Constanst!X12,1) -> 0 | B121: =B120&A121 -> 0101000100
A122: =MID($C$107,Constanst!X13,1) -> 1 | B122: =B121&A122 -> 01010001001
A123: =MID($C$107,Constanst!X14,1) -> 1 | B123: =B122&A123 -> 010100010011
A124: =MID($C$107,Constanst!X15,1) -> 1 | B124: =B123&A124 -> 0101000100111
A125: =MID($C$107,Constanst!X16,1) -> 1 | B125: =B124&A125 -> 01010001001111
... A143: =MID($C$107,Constanst!X34,1) -> 1 | B143: =B142&A143 -> 01010001001111110001110100010001
A145: F=P(B)= | B145: =B143 -> 01010001001111110001110100010001
A147: byte | B147: byte | C147: hexan | D147: dec
A148: 1 | B148: =MID($B$145,(A148-1)*8+1, 8) -> 01010001 | C148: =BIN2HEX(B148,2) -> 51 | D148: =HEX2DEC(C148) -> 81
A149: 2 | B149: =MID($B$145,(A149-1)*8+1, 8) -> 00111111 | C149: =BIN2HEX(B149,2) -> 3F | D149: =HEX2DEC(C149) -> 63
A150: 3 | B150: =MID($B$145,(A150-1)*8+1, 8) -> 00011101 | C150: =BIN2HEX(B150,2) -> 1D | D150: =HEX2DEC(C150) -> 29
A151: 4 | B151: =MID($B$145,(A151-1)*8+1, 8) -> 00010001 | C151: =BIN2HEX(B151,2) -> 11 | D151: =HEX2DEC(C151) -> 17

Sheet f(R15,K16)
A2: =L6 -> K16 | D2: =Input!I16 -> 110010110011110100001011101111000111000001110010
A3: F=P(B)= | B3: {=INDIRECT("'f(" & L5 & "," & L7 & ")'!B145")} -> 01010001001111110001110100010001
A4: =L4 -> L14 | B4: {=INDIRECT("'f(" & L5 & "," & L7 & ")'!C22")} -> 00111111011110011100011010100110 | L4: L14 | M4: L15
A5: =L5 -> R14 | B5: {=INDIRECT("'f(" & L5 & "," & L7 & ")'!C14")} -> 10011111110010100010101110000111 | L5: R14 | M5: R15
L6: K16
A7: F | G7: =L4 -> L14 | L7: K15
A8: byte | B8: byte | C8: hexan | D8: dec | G8: byte | H8: byte | I8: hexan | J8: dec
A9: 1 | B9: =MID($B$3,(A9-1)*8+1, 8) -> 01010001 | C9: =BIN2HEX(B9,2) -> 51 | D9: =HEX2DEC(C9) -> 81 | G9: 1 | H9: =MID($B$4,(G9-1)*8+1, 8) -> 00111111 | I9: =BIN2HEX(H9,2) -> 3F | J9: =HEX2DEC(I9) -> 63
A10: 2 | B10: =MID($B$3,(A10-1)*8+1, 8) -> 00111111 | C10: =BIN2HEX(B10,2) -> 3F | D10: =HEX2DEC(C10) -> 63 | G10: 2 | H10: =MID($B$4,(G10-1)*8+1, 8) -> 01111001 | I10: =BIN2HEX(H10,2) -> 79 | J10: =HEX2DEC(I10) -> 121
A11: 3 | B11: =MID($B$3,(A11-1)*8+1, 8) -> 00011101 | C11: =BIN2HEX(B11,2) -> 1D | D11: =HEX2DEC(C11) -> 29 | G11: 3 | H11: =MID($B$4,(G11-1)*8+1, 8) -> 11000110 | I11: =BIN2HEX(H11,2) -> C6 | J11: =HEX2DEC(I11) -> 198
A12: 4 | B12: =MID($B$3,(A12-1)*8+1, 8) -> 00010001 | C12: =BIN2HEX(B12,2) -> 11 | D12: =HEX2DEC(C12) -> 17 | G12: 4 | H12: =MID($B$4,(G12-1)*8+1, 8) -> 10100110 | I12: =BIN2HEX(H12,2) -> A6 | J12: =HEX2DEC(I12) -> 166
A14: =M5&" = F XOR "&L4&" =" -> R15 = F XOR L14 = | C14: =F17&F18&F19&F20 -> 01101110010001101101101110110111
C16: byte | D16: XOR | E16: HEX | F16: Bin
C17: 1 | D17: =BITXOR(J9,D9) -> 110 | E17: =DEC2HEX(D17,2) -> 6E | F17: =HEX2BIN(E17,8) -> 01101110
C18: 2 | D18: =BITXOR(J10,D10) -> 70 | E18: =DEC2HEX(D18,2) -> 46 | F18: =HEX2BIN(E18,8) -> 01000110
C19: 3 | D19: =BITXOR(J11,D11) -> 219 | E19: =DEC2HEX(D19,2) -> DB | F19: =HEX2BIN(E19,8) -> 11011011
C20: 4 | D20: =BITXOR(J12,D12) -> 183 | E20: =DEC2HEX(D20,2) -> B7 | F20: =HEX2BIN(E20,8) -> 10110111
A22: =M4&" = "&L5&" =" -> L15 = R14 = | C22: =B5 -> 10011111110010100010101110000111
A24: ="Mở rộng "&M5&" => E("&M5&")" -> Mở rộng R15 => E(R15) | D24: =B26 -> 101101011100001000001101011011110111110110101110
A25: bit
A26: =MID($C$14,Constanst!K3,1) -> 1 | B26: =A26&B27 -> 101101011100001000001101011011110111110110101110
A27: =MID($C$14,Constanst!K4,1) -> 0 | B27: =A27&B28 -> 01101011100001000001101011011110111110110101110
A28: =MID($C$14,Constanst!K5,1) -> 1 | B28: =A28&B29 -> 1101011100001000001101011011110111110110101110
A29: =MID($C$14,Constanst!K6,1) -> 1 | B29: =A29&B30 -> 101011100001000001101011011110111110110101110
A30: =MID($C$14,Constanst!K7,1) -> 0 | B30: =A30&B31 -> 01011100001000001101011011110111110110101110
A31: =MID($C$14,Constanst!K8,1) -> 1 | B31: =A31&B32 -> 1011100001000001101011011110111110110101110
A32: =MID($C$14,Constanst!K9,1) -> 0 | B32: =A32&B33 -> 011100001000001101011011110111110110101110
A33: =MID($C$14,Constanst!K10,1) -> 1 | B33: =A33&B34 -> 11100001000001101011011110111110110101110
A34: =MID($C$14,Constanst!K11,1) -> 1 | B34: =A34&B35 -> 1100001000001101011011110111110110101110
A35: =MID($C$14,Constanst!K12,1) -> 1 | B35: =A35&B36 -> 100001000001101011011110111110110101110
A36: =MID($C$14,Constanst!K13,1) -> 0 | B36: =A36&B37 -> 00001000001101011011110111110110101110
A37: =MID($C$14,Constanst!K14,1) -> 0 | B37: =A37&B38 -> 0001000001101011011110111110110101110
... A71: =MID($C$14,Constanst!K48,1) -> 1 | B71: =A71&B72 -> 110
A72: =MID($C$14,Constanst!K49,1) -> 1 | B72: =A72&A73 -> 10
A73: =MID($C$14,Constanst!K50,1) -> 0
A75: ="Thực hiện phép XOR A = E("&M5&") XOR "&L6 -> Thực hiện phép XOR A = E(R15) XOR K16
A76: ="Khóa " & L6 -> Khóa K16 | G76: ="E("&M5&")" -> E(R15)
A77: byte | B77: byte | C77: hexan | D77: decimal | G77: byte | H77: byte | I77: hexan | J77: decimal
A78: 1 | B78: =MID($D$2,(A78-1)*8+1, 8) -> 11001011 | C78: =BIN2HEX(B78,2) -> CB | D78: =BIN2DEC(B78) -> 203 | G78: 1 | H78: =MID($D$24,(G78-1)*8+1, 8) -> 10110101 | I78: =BIN2HEX(H78,2) -> B5 | J78: =BIN2DEC(H78) -> 181
A79: 2 | B79: =MID($D$2,(A79-1)*8+1, 8) -> 00111101 | C79: =BIN2HEX(B79,2) -> 3D | D79: =BIN2DEC(B79) -> 61 | G79: 2 | H79: =MID($D$24,(G79-1)*8+1, 8) -> 11000010 | I79: =BIN2HEX(H79,2) -> C2 | J79: =BIN2DEC(H79) -> 194
A80: 3 | B80: =MID($D$2,(A80-1)*8+1, 8) -> 00001011 | C80: =BIN2HEX(B80,2) -> 0B | D80: =BIN2DEC(B80) -> 11 | G80: 3 | H80: =MID($D$24,(G80-1)*8+1, 8) -> 00001101 | I80: =BIN2HEX(H80,2) -> 0D | J80: =BIN2DEC(H80) -> 13
A81: 4 | B81: =MID($D$2,(A81-1)*8+1, 8) -> 10111100 | C81: =BIN2HEX(B81,2) -> BC | D81: =BIN2DEC(B81) -> 188 | G81: 4 | H81: =MID($D$24,(G81-1)*8+1, 8) -> 01101111 | I81: =BIN2HEX(H81,2) -> 6F | J81: =BIN2DEC(H81) -> 111
A82: 5 | B82: =MID($D$2,(A82-1)*8+1, 8) -> 01110000 | C82: =BIN2HEX(B82,2) -> 70 | D82: =BIN2DEC(B82) -> 112 | G82: 5 | H82: =MID($D$24,(G82-1)*8+1, 8) -> 01111101 | I82: =BIN2HEX(H82,2) -> 7D | J82: =BIN2DEC(H82) -> 125
A83: 6 | B83: =MID($D$2,(A83-1)*8+1, 8) -> 01110010 | C83: =BIN2HEX(B83,2) -> 72 | D83: =BIN2DEC(B83) -> 114 | G83: 6 | H83: =MID($D$24,(G83-1)*8+1, 8) -> 10101110 | I83: =BIN2HEX(H83,2) -> AE | J83: =BIN2DEC(H83) -> 174
A85: Byte | B85: ="XOR(E"&M5&", "&L6&")" -> XOR(ER15, K16) | C85: Binary | D85: hexan
A86: 1 | B86: =BITXOR(D78,J78) -> 126 | C86: =DEC2BIN(B86,8) -> 01111110 | D86: =BIN2HEX(C86,2) -> 7E
A87: 2 | B87: =BITXOR(D79,J79) -> 255 | C87: =DEC2BIN(B87,8) -> 11111111 | D87: =BIN2HEX(C87,2) -> FF
A88: 3 | B88: =BITXOR(D80,J80) -> 6 | C88: =DEC2BIN(B88,8) -> 00000110 | D88: =BIN2HEX(C88,2) -> 06
A89: 4 | B89: =BITXOR(D81,J81) -> 211 | C89: =DEC2BIN(B89,8) -> 11010011 | D89: =BIN2HEX(C89,2) -> D3
A90: 5 | B90: =BITXOR(D82,J82) -> 13 | C90: =DEC2BIN(B90,8) -> 00001101 | D90: =BIN2HEX(C90,2) -> 0D
A91: 6 | B91: =BITXOR(D83,J83) -> 220 | C91: =DEC2BIN(B91,8) -> 11011100 | D91: =BIN2HEX(C91,2) -> DC
B93: ="A = E"&M5&" XOR "&L6&" =" -> A = ER15 XOR K16 = | D93: =C86&C87&C88&C89&C90&C91 -> 011111101111111100000110110100110000110111011100
A95: Thực hiện phép thế | E95: Hàng = bit đầu + bit cuối
E96: Cột = 4 bit giữa
A97: cặp 6 bit | C97: hàng | D97: cột | F97: Chỉ số mảng | G97: Tra bảng S
A98: 1 | B98: =MID($D$93, (A98-1)*6+1,6) -> 011111 | C98: =LEFT(B98,1)&(RIGHT(B98,1)) -> 01 | D98: =MID(B98,2,4) -> 1111 | E98: =C98&D98 -> 011111 | F98: =BIN2DEC(E98) -> 31 | G98: =VLOOKUP(F98,Constanst!$M$3:$U$66,2,TRUE) -> 8 | H98: =DEC2BIN(G98,4) -> 1000 | I98: =H98 -> 1000
A99: 2 | B99: =MID($D$93, (A99-1)*6+1,6) -> 101111 | C99: =LEFT(B99,1)&(RIGHT(B99,1)) -> 11 | D99: =MID(B99,2,4) -> 0111 | E99: =C99&D99 -> 110111 | F99: =BIN2DEC(E99) -> 55 | G99: =VLOOKUP(F99,Constanst!$M$3:$U$66,3,TRUE) -> 2 | H99: =DEC2BIN(G99,4) -> 0010 | I99: =I98&H99 -> 10000010
A100: 3 | B100: =MID($D$93, (A100-1)*6+1,6) -> 111100 | C100: =LEFT(B100,1)&(RIGHT(B100,1)) -> 10 | D100: =MID(B100,2,4) -> 1110 | E100: =C100&D100 -> 101110 | F100: =BIN2DEC(E100) -> 46 | G100: =VLOOKUP(F100,Constanst!$M$3:$U$66,4,TRUE) -> 14 | H100: =DEC2BIN(G100,4) -> 1110 | I100: =I99&H100 -> 100000101110
A101: 4 | B101: =MID($D$93, (A101-1)*6+1,6) -> 000110 | C101: =LEFT(B101,1)&(RIGHT(B101,1)) -> 00 | D101: =MID(B101,2,4) -> 0011 | E101: =C101&D101 -> 000011 | F101: =BIN2DEC(E101) -> 3 | G101: =VLOOKUP(F101,Constanst!$M$3:$U$66,5,TRUE) -> 3 | H101: =DEC2BIN(G101,4) -> 0011 | I101: =I100&H101 -> 1000001011100011
A102: 5 | B102: =MID($D$93, (A102-1)*6+1,6) -> 110100 | C102: =LEFT(B102,1)&(RIGHT(B102,1)) -> 10 | D102: =MID(B102,2,4) -> 1010 | E102: =C102&D102 -> 101010 | F102: =BIN2DEC(E102) -> 42 | G102: =VLOOKUP(F102,Constanst!$M$3:$U$66,6,TRUE) -> 12 | H102: =DEC2BIN(G102,4) -> 1100 | I102: =I101&H102 -> 10000010111000111100
A103: 6 | B103: =MID($D$93, (A103-1)*6+1,6) -> 110000 | C103: =LEFT(B103,1)&(RIGHT(B103,1)) -> 10 | D103: =MID(B103,2,4) -> 1000 | E103: =C103&D103 -> 101000 | F103: =BIN2DEC(E103) -> 40 | G103: =VLOOKUP(F103,Constanst!$M$3:$U$66,7,TRUE) -> 7 | H103: =DEC2BIN(G103,4) -> 0111 | I103: =I102&H103 -> 100000101110001111000111
A104: 7 | B104: =MID($D$93, (A104-1)*6+1,6) -> 110111 | C104: =LEFT(B104,1)&(RIGHT(B104,1)) -> 11 | D104: =MID(B104,2,4) -> 1011 | E104: =C104&D104 -> 111011 | F104: =BIN2DEC(E104) -> 59 | G104: =VLOOKUP(F104,Constanst!$M$3:$U$66,8,TRUE) -> 15 | H104: =DEC2BIN(G104,4) -> 1111 | I104: =I103&H104 -> 1000001011100011110001111111
A105: 8 | B105: =MID($D$93, (A105-1)*6+1,6) -> 011100 | C105: =LEFT(B105,1)&(RIGHT(B105,1)) -> 00 | D105: =MID(B105,2,4) -> 1110 | E105: =C105&D105 -> 001110 | F105: =BIN2DEC(E105) -> 14 | G105: =VLOOKUP(F105,Constanst!$M$3:$U$66,9,TRUE) -> 12 | H105: =DEC2BIN(G105,4) -> 1100 | I105: =I104&H105 -> 10000010111000111100011111111100
B107: B= | C107: =I105 -> 10000010111000111100011111111100
A109: Hoán vị P(B)
A111: bit
A112: =MID($C$107,Constanst!X3,1) -> 1
A113: =MID($C$107,Constanst!X4,1) -> 1 | B113: =A112&A113 -> 11
A114: =MID($C$107,Constanst!X5,1) -> 0 | B114: =B113&A114 -> 110
A115: =MID($C$107,Constanst!X6,1) -> 0 | B115: =B114&A115 -> 1100
A116: =MID($C$107,Constanst!X7,1) -> 1 | B116: =B115&A116 -> 11001
A117: =MID($C$107,Constanst!X8,1) -> 0 | B117: =B116&A117 -> 110010
A118: =MID($C$107,Constanst!X9,1) -> 1 | B118: =B117&A118 -> 1100101
A119: =MID($C$107,Constanst!X10,1) -> 1 | B119: =B118&A119 -> 11001011
A120: =MID($C$107,Constanst!X11,1) -> 1 | B120: =B119&A120 -> 110010111
A121: =MID($C$107,Constanst!X12,1) -> 1 | B121: =B120&A121 -> 1100101111
A122: =MID($C$107,Constanst!X13,1) -> 1 | B122: =B121&A122 -> 11001011111
A123: =MID($C$107,Constanst!X14,1) -> 1 | B123: =B122&A123 -> 110010111111
A124: =MID($C$107,Constanst!X15,1) -> 0 | B124: =B123&A124 -> 1100101111110
A125: =MID($C$107,Constanst!X16,1) -> 1 | B125: =B124&A125 -> 11001011111101
... A143: =MID($C$107,Constanst!X34,1) -> 1 | B143: =B142&A143 -> 11001011111101010010010100101101
A145: F=P(B)= | B145: =B143 -> 11001011111101010010010100101101
A147: byte | B147: byte | C147: hexan | D147: dec
A148: 1 | B148: =MID($B$145,(A148-1)*8+1, 8) -> 11001011 | C148: =BIN2HEX(B148,2) -> CB | D148: =HEX2DEC(C148) -> 203
A149: 2 | B149: =MID($B$145,(A149-1)*8+1, 8) -> 11110101 | C149: =BIN2HEX(B149,2) -> F5 | D149: =HEX2DEC(C149) -> 245
A150: 3 | B150: =MID($B$145,(A150-1)*8+1, 8) -> 00100101 | C150: =BIN2HEX(B150,2) -> 25 | D150: =HEX2DEC(C150) -> 37
A151: 4 | B151: =MID($B$145,(A151-1)*8+1, 8) -> 00101101 | C151: =BIN2HEX(B151,2) -> 2D | D151: =HEX2DEC(C151) -> 45

Sheet L16,R16
A3: F=P(B)= | B3: {=INDIRECT("'f(" & L5 & "," & L7 & ")'!B145")} -> 11001011111101010010010100101101
A4: L15 | B4: {=INDIRECT("'f(" & L5 & "," & L7 & ")'!C22")} -> 10011111110010100010101110000111 | L4: L15 | M4: L16
A5: R15 | B5: {=INDIRECT("'f(" & L5 & "," & L7 & ")'!C14")} -> 01101110010001101101101110110111 | L5: R15 | M5: R16
A7: F | G7: =L4 -> L15 | L7: K16
A8: byte | B8: byte | C8: hexan | D8: dec | G8: byte | H8: byte | I8: hexan | J8: dec
A9: 1 | B9: =MID($B$3,(A9-1)*8+1, 8) -> 11001011 | C9: =BIN2HEX(B9,2) -> CB | D9: =HEX2DEC(C9) -> 203 | G9: 1 | H9: =MID($B$4,(G9-1)*8+1, 8) -> 10011111 | I9: =BIN2HEX(H9,2) -> 9F | J9: =HEX2DEC(I9) -> 159
A10: 2 | B10: =MID($B$3,(A10-1)*8+1, 8) -> 11110101 | C10: =BIN2HEX(B10,2) -> F5 | D10: =HEX2DEC(C10) -> 245 | G10: 2 | H10: =MID($B$4,(G10-1)*8+1, 8) -> 11001010 | I10: =BIN2HEX(H10,2) -> CA | J10: =HEX2DEC(I10) -> 202
A11: 3 | B11: =MID($B$3,(A11-1)*8+1, 8) -> 00100101 | C11: =BIN2HEX(B11,2) -> 25 | D11: =HEX2DEC(C11) -> 37 | G11: 3 | H11: =MID($B$4,(G11-1)*8+1, 8) -> 00101011 | I11: =BIN2HEX(H11,2) -> 2B | J11: =HEX2DEC(I11) -> 43
A12: 4 | B12: =MID($B$3,(A12-1)*8+1, 8) -> 00101101 | C12: =BIN2HEX(B12,2) -> 2D | D12: =HEX2DEC(C12) -> 45 | G12: 4 | H12: =MID($B$4,(G12-1)*8+1, 8) -> 10000111 | I12: =BIN2HEX(H12,2) -> 87 | J12: =HEX2DEC(I12) -> 135
A14: =M5&" = F XOR "&L4&" =" -> R16 = F XOR L15 = | C14: =F17&F18&F19&F20 -> 01010100001111110000111010101010
C16: byte | D16: XOR | E16: HEX | F16: Bin
C17: 1 | D17: =BITXOR(J9,D9) -> 84 | E17: =DEC2HEX(D17,2) -> 54 | F17: =HEX2BIN(E17,8) -> 01010100
C18: 2 | D18: =BITXOR(J10,D10) -> 63 | E18: =DEC2HEX(D18,2) -> 3F | F18: =HEX2BIN(E18,8) -> 00111111
C19: 3 | D19: =BITXOR(J11,D11) -> 14 | E19: =DEC2HEX(D19,2) -> 0E | F19: =HEX2BIN(E19,8) -> 00001110
C20: 4 | D20: =BITXOR(J12,D12) -> 170 | E20: =DEC2HEX(D20,2) -> AA | F20: =HEX2BIN(E20,8) -> 10101010
A22: =M4&" = "&L5&" =" -> L16 = R15 = | C22: =B5 -> 01101110010001101101101110110111
A24: L16R16= | B24: =C14&C22 -> 0101010000111111000011101010101001101110010001101101101110110111
A26: STT | B26: bit
A27: 1 | B27: =MID($B$24,Constanst!AA3,1) -> 0
A28: 2 | B28: =MID($B$24,Constanst!AA4,1) -> 0 | C28: =B27&B28 -> 00
A29: 3 | B29: =MID($B$24,Constanst!AA5,1) -> 0 | C29: =C28&B29 -> 000
A30: 4 | B30: =MID($B$24,Constanst!AA6,1) -> 1 | C30: =C29&B30 -> 0001
A31: 5 | B31: =MID($B$24,Constanst!AA7,1) -> 1 | C31: =C30&B31 -> 00011
A32: 6 | B32: =MID($B$24,Constanst!AA8,1) -> 0 | C32: =C31&B32 -> 000110
A33: 7 | B33: =MID($B$24,Constanst!AA9,1) -> 1 | C33: =C32&B33 -> 0001101
A34: 8 | B34: =MID($B$24,Constanst!AA10,1) -> 0 | C34: =C33&B34 -> 00011010
A35: 9 | B35: =MID($B$24,Constanst!AA11,1) -> 1 | C35: =C34&B35 -> 000110101
A36: 10 | B36: =MID($B$24,Constanst!AA12,1) -> 0 | C36: =C35&B36 -> 0001101010
A37: 11 | B37: =MID($B$24,Constanst!AA13,1) -> 1 | C37: =C36&B37 -> 00011010101
A38: 12 | B38: =MID($B$24,Constanst!AA14,1) -> 1 | C38: =C37&B38 -> 000110101011
A39: 13 | B39: =MID($B$24,Constanst!AA15,1) -> 1 | C39: =C38&B39 -> 0001101010111
A40: 14 | B40: =MID($B$24,Constanst!AA16,1) -> 1 | C40: =C39&B40 -> 00011010101111
... A90: 64 | B90: =MID($B$24,Constanst!AA66,1) -> 1 | C90: =C89&B90 -> 0001101010111111111101101001110101011010100100111110100000001011
A92: IP-1 = | B92: =C90 -> 0001101010111111111101101001110101011010100100111110100000001011
A94: byte | B94: byte | C94: hexan
A95: 1 | B95: =MID($B$92,(A95-1)*8+1, 8) -> 00011010 | C95: =BIN2HEX(B95,2) -> 1A
A96: 2 | B96: =MID($B$92,(A96-1)*8+1, 8) -> 10111111 | C96: =BIN2HEX(B96,2) -> BF
A97: 3 | B97: =MID($B$92,(A97-1)*8+1, 8) -> 11110110 | C97: =BIN2HEX(B97,2) -> F6
A98: 4 | B98: =MID($B$92,(A98-1)*8+1, 8) -> 10011101 | C98: =BIN2HEX(B98,2) -> 9D
A99: 5 | B99: =MID($B$92,(A99-1)*8+1, 8) -> 01011010 | C99: =BIN2HEX(B99,2) -> 5A
A100: 6 | B100: =MID($B$92,(A100-1)*8+1, 8) -> 10010011 | C100: =BIN2HEX(B100,2) -> 93
A101: 7 | B101: =MID($B$92,(A101-1)*8+1, 8) -> 11101000 | C101: =BIN2HEX(B101,2) -> E8
A102: 8 | B102: =MID($B$92,(A102-1)*8+1, 8) -> 00001011 | C102: =BIN2HEX(B102,2) -> 0B

Sheet K1 & K2
A1: PC1 | B1: ='PC1'!B20 -> 11110000110011001010101010111010101011001100111100001010
A3: byte | B3: byte | C3: hexan | E3: C0= | F3: =LEFT(B1,28) -> 1111000011001100101010101011 | J3: C1=shiftleft(C0,S1)
A4: 1 | B4: =MID($B$1,(A4-1)*8+1, 8) -> 11110000 | C4: =BIN2HEX(B4,2) -> F0 | E4: D0= | F4: =RIGHT(B1,28) -> 1010101011001100111100001010 | J4: D1=shiftleft(D0,S1)
A5: 2 | B5: =MID($B$1,(A5-1)*8+1, 8) -> 11001100 | C5: =BIN2HEX(B5,2) -> CC
A6: 3 | B6: =MID($B$1,(A6-1)*8+1, 8) -> 10101010 | C6: =BIN2HEX(B6,2) -> AA | E6: C1= | F6: =RIGHT(F3, LEN(F3)-1) & LEFT(F3,1) -> 1110000110011001010101010111 | J6: D1= | K6: =RIGHT(F4, LEN(F4)-1) & LEFT(F4,1) -> 0101010110011001111000010101
A7: 4 | B7: =MID($B$1,(A7-1)*8+1, 8) -> 10111010 | C7: =BIN2HEX(B7,2) -> BA
A8: 5 | B8: =MID($B$1,(A8-1)*8+1, 8) -> 10101100 | C8: =BIN2HEX(B8,2) -> AC | E8: byte | F8: byte | G8: hexan | J8: byte | K8: byte | L8: hexan
A9: 6 | B9: =MID($B$1,(A9-1)*8+1, 8) -> 11001111 | C9: =BIN2HEX(B9,2) -> CF | E9: 1 | F9: =MID($F$6,(E9-1)*8+1, 8) -> 11100001 | G9: =BIN2HEX(F9,2) -> E1 | J9: 1 | K9: =MID($K$6,(J9-1)*8+1, 8) -> 01010101 | L9: =BIN2HEX(K9,2) -> 55
A10: 7 | B10: =MID($B$1,(A10-1)*8+1, 8) -> 00001010 | C10: =BIN2HEX(B10,2) -> 0A | E10: 2 | F10: =MID($F$6,(E10-1)*8+1, 8) -> 10011001 | G10: =BIN2HEX(F10,2) -> 99 | J10: 2 | K10: =MID($K$6,(J10-1)*8+1, 8) -> 10011001 | L10: =BIN2HEX(K10,2) -> 99
E11: 3 | F11: =MID($F$6,(E11-1)*8+1, 8) -> 01010101 | G11: =BIN2HEX(F11,2) -> 55 | J11: 3 | K11: =MID($K$6,(J11-1)*8+1, 8) -> 11100001 | L11: =BIN2HEX(K11,2) -> E1 | N11: byte | O11: byte | P11: hexan
E12: 4 | F12: =MID($F$6,(E12-1)*8+1, 8) -> 0111 | G12: =BIN2HEX(F12,1) -> 7 | J12: 4 | K12: =MID($K$6,(J12-1)*8+1, 8) -> 0101 | L12: =BIN2HEX(K12,1) -> 5 | N12: 1 | O12: =MID($D$15,(N12-1)*8+1, 8) -> 00011011 | P12: =BIN2HEX(O12,2) -> 1B
N13: 2 | O13: =MID($D$15,(N13-1)*8+1, 8) -> 00000010 | P13: =BIN2HEX(O13,2) -> 02
N14: 3 | O14: =MID($D$15,(N14-1)*8+1, 8) -> 11101111 | P14: =BIN2HEX(O14,2) -> EF
A15: Tính khóa K1 = PC2(C1D1) | D15: =B20 -> 000110110000001011101111110110110100100110100101 | N15: 4 | O15: =MID($D$15,(N15-1)*8+1, 8) -> 11011011 | P15: =BIN2HEX(O15,2) -> DB
N16: 5 | O16: =MID($D$15,(N16-1)*8+1, 8) -> 01001001 | P16: =BIN2HEX(O16,2) -> 49
A17: C1D1= | B17: =F6&K6 -> 11100001100110010101010101110101010110011001111000010101 | N17: 6 | O17: =MID($D$15,(N17-1)*8+1, 8) -> 10100101 | P17: =BIN2HEX(O17,2) -> A5
A19: K1=PC2(C1D1)
A20: =MID(B17, Constanst!$E$3, 1) -> 0 | B20: =A20&B21 -> 000110110000001011101111110110110100100110100101
A21: =MID(B17, Constanst!$E$4, 1) -> 0 | B21: =A21&B22 -> 00110110000001011101111110110110100100110100101
A22: =MID(B17, Constanst!$E$5, 1) -> 0 | B22: =A22&B23 -> 0110110000001011101111110110110100100110100101
A23: =MID(B17, Constanst!$E$6, 1) -> 1 | B23: =A23&B24 -> 110110000001011101111110110110100100110100101
A24: =MID(B17, Constanst!$E$7, 1) -> 1 | B24: =A24&B25 -> 10110000001011101111110110110100100110100101
A25: =MID(B17, Constanst!$E$8, 1) -> 0 | B25: =A25&B26 -> 0110000001011101111110110110100100110100101
A26: =MID(B17, Constanst!$E$9, 1) -> 1 | B26: =A26&B27 -> 110000001011101111110110110100100110100101
A27: =MID(B17, Constanst!$E$10, 1) -> 1 | B27: =A27&B28 -> 10000001011101111110110110100100110100101
A28: =MID(B17, Constanst!$E$11, 1) -> 0 | B28: =A28&B29 -> 0000001011101111110110110100100110100101
A29: =MID(B17, Constanst!$E$12, 1) -> 0 | B29: =A29&B30 -> 000001011101111110110110100100110100101
A30: =MID(B17, Constanst!$E$13, 1) -> 0 | B30: =A30&B31 -> 00001011101111110110110100100110100101
A31: =MID(B17, Constanst!$E$14, 1) -> 0 | B31: =A31&B32 -> 0001011101111110110110100100110100101
A32: =MID(B17, Constanst!$E$15, 1) -> 0 | B32: =A32&B33 -> 001011101111110110110100100110100101
A33: =MID(B17, Constanst!$E$16, 1) -> 0 | B33: =A33&B34 -> 01011101111110110110100100110100101
A34: =MID(B17, Constanst!$E$17, 1) -> 1 | B34: =A34&B35 -> 1011101111110110110100100110100101
A35: =MID(B17, Constanst!$E$18, 1) -> 0 | B35: =A35&B36 -> 011101111110110110100100110100101
A36: =MID(B17, Constanst!$E$19, 1) -> 1 | B36: =A36&B37 -> 11101111110110110100100110100101
A37: =MID(B17, Constanst!$E$20, 1) -> 1 | B37: =A37&B38 -> 1101111110110110100100110100101
A38: =MID(B17, Constanst!$E$21, 1) -> 1 | B38: =A38&B39 -> 101111110110110100100110100101
A39: =MID(B17, Constanst!$E$22, 1) -> 0 | B39: =A39&B40 -> 01111110110110100100110100101
A40: =MID(B17, Constanst!$E$23, 1) -> 1 | B40: =A40&B41 -> 1111110110110100100110100101
A41: =MID(B17, Constanst!$E$24, 1) -> 1 | B41: =A41&B42 -> 111110110110100100110100101
A42: =MID(B17, Constanst!$E$25, 1) -> 1 | B42: =A42&B43 -> 11110110110100100110100101
A43: =MID(B17, Constanst!$E$26, 1) -> 1 | B43: =A43&B44 -> 1110110110100100110100101
A44: =MID(B17, Constanst!$E$27, 1) -> 1 | B44: =A44&B45 -> 110110110100100110100101
A45: =MID(B17, Constanst!$E$28, 1) -> 1 | B45: =A45&B46 -> 10110110100100110100101
A46: =MID(B17, Constanst!$E$29, 1) -> 0 | B46: =A46&B47 -> 0110110100100110100101
A47: =MID(B17, Constanst!$E$30, 1) -> 1 | B47: =A47&B48 -> 110110100100110100101
A48: =MID(B17, Constanst!$E$31, 1) -> 1 | B48: =A48&B49 -> 10110100100110100101
A49: =MID(B17, Constanst!$E$32, 1) -> 0 | B49: =A49&B50 -> 0110100100110100101
A50: =MID(B17, Constanst!$E$33, 1) -> 1 | B50: =A50&B51 -> 110100100110100101
A51: =MID(B17, Constanst!$E$34, 1) -> 1 | B51: =A51&B52 -> 10100100110100101
A52: =MID(B17, Constanst!$E$35, 1) -> 0 | B52: =A52&B53 -> 0100100110100101
A53: =MID(B17, Constanst!$E$36, 1) -> 1 | B53: =A53&B54 -> 100100110100101
A54: =MID(B17, Constanst!$E$37, 1) -> 0 | B54: =A54&B55 -> 00100110100101
A55: =MID(B17, Constanst!$E$38, 1) -> 0 | B55: =A55&B56 -> 0100110100101
A56: =MID(B17, Constanst!$E$39, 1) -> 1 | B56: =A56&B57 -> 100110100101
A57: =MID(B17, Constanst!$E$40, 1) -> 0 | B57: =A57&B58 -> 00110100101
A58: =MID(B17, Constanst!$E$41, 1) -> 0 | B58: =A58&B59 -> 0110100101
A59: =MID(B17, Constanst!$E$42, 1) -> 1 | B59: =A59&B60 -> 110100101
A60: =MID(B17, Constanst!$E$43, 1) -> 1 | B60: =A60&B61 -> 10100101
A61: =MID(B17, Constanst!$E$44, 1) -> 0 | B61: =A61&B62 -> 0100101
