Workbook

Sheet Tính toán
A1: M = 00123456789abcde
A2: K = 0133457799bbcdff
A4: Bản rõ ban đầu
A6: STT | B6: 1 | C6: 2 | D6: 3 | E6: 4 | F6: 5 | G6: 6 | H6: 7 | I6: 8 | J6: 9 | K6: 10 | L6: 11 | M6: 12 | N6: 13 | O6: 14 | P6: 15 | Q6: 16 | R6: 17 | S6: 18 | T6: 19 | U6: 20 | V6: 21 | W6: 22 | X6: 23 | Y6: 24 | Z6: 25 | AA6: 26 | AB6: 27 | AC6: 28 | AD6: 29 | AE6: 30 | AF6: 31 | AG6: 32 | AH6: 33 | AI6: 34 | AJ6: 35 | AK6: 36 | AL6: 37 | AM6: 38 | AN6: 39 | AO6: 40 | AP6: 41 | AQ6: 42 | AR6: 43 | AS6: 44 | AT6: 45 | AU6: 46 | AV6: 47 | AW6: 48 | AX6: 49 | AY6: 50 | AZ6: 51 | BA6: 52 | BB6: 53 | BC6: 54 | BD6: 55 | BE6: 56 | BF6: 57 | BG6: 58 | BH6: 59 | BI6: 60 | BJ6: 61 | BK6: 62 | BL6: 63 | BM6: 64
A7: M | B7: 0 | C7: 0 | D7: 0 | E7: 0 | F7: 0 | G7: 0 | H7: 0 | I7: 0 | J7: 0 | K7: 0 | L7: 0 | M7: 1 | N7: 0 | O7: 0 | P7: 1 | Q7: 0 | R7: 0 | S7: 0 | T7: 1 | U7: 1 | V7: 0 | W7: 1 | X7: 0 | Y7: 0 | Z7: 0 | AA7: 1 | AB7: 0 | AC7: 1 | AD7: 0 | AE7: 1 | AF7: 1 | AG7: 0 | AH7: 0 | AI7: 1 | AJ7: 1 | AK7: 1 | AL7: 1 | AM7: 0 | AN7: 0 | AO7: 0 | AP7: 1 | AQ7: 0 | AR7: 0 | AS7: 1 | AT7: 1 | AU7: 0 | AV7: 1 | AW7: 0 | AX7: 1 | AY7: 0 | AZ7: 1 | BA7: 1 | BB7: 1 | BC7: 1 | BD7: 0 | BE7: 0 | BF7: 1 | BG7: 1 | BH7: 0 | BI7: 1 | BJ7: 1 | BK7: 1 | BL7: 1 | BM7: 0 | BN7: =MID($D$1,COLUMN(BP1),1) | BO7: =MID($D$1,COLUMN(BQ1),1)
A9: Khóa ban đầu
A11: STT | B11: 1 | C11: 2 | D11: 3 | E11: 4 | F11: 5 | G11: 6 | H11: 7 | I11: 8 | J11: 9 | K11: 10 | L11: 11 | M11: 12 | N11: 13 | O11: 14 | P11: 15 | Q11: 16 | R11: 17 | S11: 18 | T11: 19 | U11: 20 | V11: 21 | W11: 22 | X11: 23 | Y11: 24 | Z11: 25 | AA11: 26 | AB11: 27 | AC11: 28 | AD11: 29 | AE11: 30 | AF11: 31 | AG11: 32 | AH11: 33 | AI11: 34 | AJ11: 35 | AK11: 36 | AL11: 37 | AM11: 38 | AN11: 39 | AO11: 40 | AP11: 41 | AQ11: 42 | AR11: 43 | AS11: 44 | AT11: 45 | AU11: 46 | AV11: 47 | AW11: 48 | AX11: 49 | AY11: 50 | AZ11: 51 | BA11: 52 | BB11: 53 | BC11: 54 | BD11: 55 | BE11: 56 | BF11: 57 | BG11: 58 | BH11: 59 | BI11: 60 | BJ11: 61 | BK11: 62 | BL11: 63 | BM11: 64
A12: K | B12: 0 | C12: 0 | D12: 0 | E12: 0 | F12: 0 | G12: 0 | H12: 0 | I12: 1 | J12: 0 | K12: 0 | L12: 1 | M12: 1 | N12: 0 | O12: 0 | P12: 1 | Q12: 1 | R12: 0 | S12: 1 | T12: 0 | U12: 0 | V12: 0 | W12: 1 | X12: 0 | Y12: 1 | Z12: 0 | AA12: 1 | AB12: 1 | AC12: 1 | AD12: 0 | AE12: 1 | AF12: 1 | AG12: 1 | AH12: 1 | AI12: 0 | AJ12: 0 | AK12: 1 | AL12: 1 | AM12: 0 | AN12: 0 | AO12: 1 | AP12: 1 | AQ12: 0 | AR12: 1 | AS12: 1 | AT12: 1 | AU12: 0 | AV12: 1 | AW12: 1 | AX12: 1 | AY12: 1 | AZ12: 0 | BA12: 0 | BB12: 1 | BC12: 1 | BD12: 0 | BE12: 1 | BF12: 1 | BG12: 1 | BH12: 1 | BI12: 1 | BJ12: 1 | BK12: 1 | BL12: 1 | BM12: 1
B14: BẢNG IP | K14: BẢNG IP-1 | T14: BẢNG P
B15: 58 | C15: 50 | D15: 42 | E15: 34 | F15: 26 | G15: 18 | H15: 10 | I15: 2 | K15: 40 | L15: 8 | M15: 48 | N15: 16 | O15: 56 | P15: 24 | Q15: 64 | R15: 32 | T15: 16 | U15: 7 | V15: 20 | W15: 21 | X15: 29 | Y15: 12 | Z15: 28 | AA15: 17
B16: 60 | C16: 52 | D16: 44 | E16: 36 | F16: 28 | G16: 20 | H16: 12 | I16: 4 | K16: 39 | L16: 7 | M16: 47 | N16: 15 | O16: 55 | P16: 23 | Q16: 63 | R16: 31 | T16: 1 | U16: 15 | V16: 23 | W16: 26 | X16: 5 | Y16: 18 | Z16: 31 | AA16: 10
B17: 62 | C17: 54 | D17: 46 | E17: 38 | F17: 30 | G17: 22 | H17: 14 | I17: 6 | K17: 38 | L17: 6 | M17: 46 | N17: 14 | O17: 54 | P17: 22 | Q17: 62 | R17: 30 | T17: 2 | U17: 8 | V17: 24 | W17: 14 | X17: 32 | Y17: 27 | Z17: 3 | AA17: 9
B18: 64 | C18: 56 | D18: 48 | E18: 40 | F18: 32 | G18: 24 | H18: 16 | I18: 8 | K18: 37 | L18: 5 | M18: 45 | N18: 13 | O18: 53 | P18: 21 | Q18: 61 | R18: 29 | T18: 19 | U18: 13 | V18: 30 | W18: 6 | X18: 22 | Y18: 11 | Z18: 4 | AA18: 25
B19: 57 | C19: 49 | D19: 41 | E19: 33 | F19: 25 | G19: 17 | H19: 9 | I19: 1 | K19: 36 | L19: 4 | M19: 44 | N19: 12 | O19: 52 | P19: 20 | Q19: 60 | R19: 28
B20: 59 | C20: 51 | D20: 43 | E20: 35 | F20: 27 | G20: 19 | H20: 11 | I20: 3 | K20: 35 | L20: 3 | M20: 43 | N20: 11 | O20: 51 | P20: 19 | Q20: 59 | R20: 27
B21: 61 | C21: 53 | D21: 45 | E21: 37 | F21: 29 | G21: 21 | H21: 13 | I21: 5 | K21: 34 | L21: 2 | M21: 42 | N21: 10 | O21: 50 | P21: 18 | Q21: 58 | R21: 26
B22: 63 | C22: 55 | D22: 47 | E22: 39 | F22: 31 | G22: 23 | H22: 15 | I22: 7 | K22: 33 | L22: 1 | M22: 41 | N22: 9 | O22: 49 | P22: 17 | Q22: 57 | R22: 25
B24: BẢNG PC-1 | K24: BẢNG PC-2 | T24: BẢNG E
B25: 57 | C25: 49 | D25: 41 | E25: 33 | F25: 25 | G25: 17 | H25: 9 | K25: 14 | L25: 17 | M25: 11 | N25: 24 | O25: 1 | P25: 5 | T25: 32 | U25: 1 | V25: 2 | W25: 3 | X25: 4 | Y25: 5
B26: 1 | C26: 58 | D26: 50 | E26: 42 | F26: 34 | G26: 26 | H26: 18 | K26: 3 | L26: 28 | M26: 15 | N26: 6 | O26: 21 | P26: 10 | T26: 4 | U26: 5 | V26: 6 | W26: 7 | X26: 8 | Y26: 9
B27: 10 | C27: 2 | D27: 59 | E27: 51 | F27: 43 | G27: 35 | H27: 27 | K27: 23 | L27: 19 | M27: 12 | N27: 4 | O27: 26 | P27: 8 | T27: 8 | U27: 9 | V27: 10 | W27: 11 | X27: 12 | Y27: 13
B28: 19 | C28: 11 | D28: 3 | E28: 60 | F28: 52 | G28: 44 | H28: 36 | K28: 16 | L28: 7 | M28: 27 | N28: 20 | O28: 13 | P28: 2 | T28: 12 | U28: 13 | V28: 14 | W28: 15 | X28: 16 | Y28: 17
B29: 63 | C29: 55 | D29: 47 | E29: 39 | F29: 31 | G29: 23 | H29: 15 | K29: 41 | L29: 52 | M29: 31 | N29: 37 | O29: 47 | P29: 55 | T29: 16 | U29: 17 | V29: 18 | W29: 19 | X29: 20 | Y29: 21
B30: 7 | C30: 62 | D30: 54 | E30: 46 | F30: 38 | G30: 30 | H30: 22 | K30: 30 | L30: 40 | M30: 51 | N30: 45 | O30: 33 | P30: 48 | T30: 20 | U30: 21 | V30: 22 | W30: 23 | X30: 24 | Y30: 25
B31: 14 | C31: 6 | D31: 61 | E31: 53 | F31: 45 | G31: 37 | H31: 29 | K31: 44 | L31: 49 | M31: 39 | N31: 56 | O31: 34 | P31: 53 | T31: 24 | U31: 25 | V31: 26 | W31: 27 | X31: 28 | Y31: 29
B32: 21 | C32: 13 | D32: 5 | E32: 28 | F32: 20 | G32: 12 | H32: 4 | K32: 46 | L32: 42 | M32: 50 | N32: 36 | O32: 29 | P32: 32 | T32: 28 | U32: 29 | V32: 30 | W32: 31 | X32: 32 | Y32: 1
A34: Sau khi hoán vị, ta được IP(M) như sau:
A36: IP(M) | B36: {=INDEX($B$7:$BS$7, B15)} -> 1 | C36: {=INDEX($B$7:$BS$7, C15)} -> 0 | D36: {=INDEX($B$7:$BS$7, D15)} -> 0 | E36: {=INDEX($B$7:$BS$7, E15)} -> 1 | F36: {=INDEX($B$7:$BS$7, F15)} -> 1 | G36: {=INDEX($B$7:$BS$7, G15)} -> 0 | H36: {=INDEX($B$7:$BS$7, H15)} -> 0 | I36: {=INDEX($B$7:$BS$7, I15)} -> 0
B37: {=INDEX($B$7:$BS$7, B16)} -> 1 | C37: {=INDEX($B$7:$BS$7, C16)} -> 1 | D37: {=INDEX($B$7:$BS$7, D16)} -> 1 | E37: {=INDEX($B$7:$BS$7, E16)} -> 1 | F37: {=INDEX($B$7:$BS$7, F16)} -> 1 | G37: {=INDEX($B$7:$BS$7, G16)} -> 1 | H37: {=INDEX($B$7:$BS$7, H16)} -> 1 | I37: {=INDEX($B$7:$BS$7, I16)} -> 0
B38: {=INDEX($B$7:$BS$7, B17)} -> 1 | C38: {=INDEX($B$7:$BS$7, C17)} -> 1 | D38: {=INDEX($B$7:$BS$7, D17)} -> 0 | E38: {=INDEX($B$7:$BS$7, E17)} -> 0 | F38: {=INDEX($B$7:$BS$7, F17)} -> 1 | G38: {=INDEX($B$7:$BS$7, G17)} -> 1 | H38: {=INDEX($B$7:$BS$7, H17)} -> 0 | I38: {=INDEX($B$7:$BS$7, I17)} -> 0
B39: {=INDEX($B$7:$BS$7, B18)} -> 0 | C39: {=INDEX($B$7:$BS$7, C18)} -> 0 | D39: {=INDEX($B$7:$BS$7, D18)} -> 0 | E39: {=INDEX($B$7:$BS$7, E18)} -> 0 | F39: {=INDEX($B$7:$BS$7, F18)} -> 0 | G39: {=INDEX($B$7:$BS$7, G18)} -> 0 | H39: {=INDEX($B$7:$BS$7, H18)} -> 0 | I39: {=INDEX($B$7:$BS$7, I18)} -> 0
B40: {=INDEX($B$7:$BS$7, B19)} -> 1 | C40: {=INDEX($B$7:$BS$7, C19)} -> 1 | D40: {=INDEX($B$7:$BS$7, D19)} -> 1 | E40: {=INDEX($B$7:$BS$7, E19)} -> 0 | F40: {=INDEX($B$7:$BS$7, F19)} -> 0 | G40: {=INDEX($B$7:$BS$7, G19)} -> 0 | H40: {=INDEX($B$7:$BS$7, H19)} -> 0 | I40: {=INDEX($B$7:$BS$7, I19)} -> 0
B41: {=INDEX($B$7:$BS$7, B20)} -> 0 | C41: {=INDEX($B$7:$BS$7, C20)} -> 1 | D41: {=INDEX($B$7:$BS$7, D20)} -> 0 | E41: {=INDEX($B$7:$BS$7, E20)} -> 1 | F41: {=INDEX($B$7:$BS$7, F20)} -> 0 | G41: {=INDEX($B$7:$BS$7, G20)} -> 1 | H41: {=INDEX($B$7:$BS$7, H20)} -> 0 | I41: {=INDEX($B$7:$BS$7, I20)} -> 0
B42: {=INDEX($B$7:$BS$7, B21)} -> 1 | C42: {=INDEX($B$7:$BS$7, C21)} -> 1 | D42: {=INDEX($B$7:$BS$7, D21)} -> 1 | E42: {=INDEX($B$7:$BS$7, E21)} -> 1 | F42: {=INDEX($B$7:$BS$7, F21)} -> 0 | G42: {=INDEX($B$7:$BS$7, G21)} -> 0 | H42: {=INDEX($B$7:$BS$7, H21)} -> 0 | I42: {=INDEX($B$7:$BS$7, I21)} -> 0
B43: {=INDEX($B$7:$BS$7, B22)} -> 1 | C43: {=INDEX($B$7:$BS$7, C22)} -> 0 | D43: {=INDEX($B$7:$BS$7, D22)} -> 1 | E43: {=INDEX($B$7:$BS$7, E22)} -> 0 | F43: {=INDEX($B$7:$BS$7, F22)} -> 1 | G43: {=INDEX($B$7:$BS$7, G22)} -> 0 | H43: {=INDEX($B$7:$BS$7, H22)} -> 1 | I43: {=INDEX($B$7:$BS$7, I22)} -> 0
A45: STT | B45: 1 | C45: 2 | D45: 3 | E45: 4 | F45: 5 | G45: 6 | H45: 7 | I45: 8 | J45: 9 | K45: 10 | L45: 11 | M45: 12 | N45: 13 | O45: 14 | P45: 15 | Q45: 16 | R45: 17 | S45: 18 | T45: 19 | U45: 20 | V45: 21 | W45: 22 | X45: 23 | Y45: 24 | Z45: 25 | AA45: 26 | AB45: 27 | AC45: 28 | AD45: 29 | AE45: 30 | AF45: 31 | AG45: 32 | AH45: 33 | AI45: 34 | AJ45: 35 | AK45: 36 | AL45: 37 | AM45: 38 | AN45: 39 | AO45: 40 | AP45: 41 | AQ45: 42 | AR45: 43 | AS45: 44 | AT45: 45 | AU45: 46 | AV45: 47 | AW45: 48 | AX45: 49 | AY45: 50 | AZ45: 51 | BA45: 52 | BB45: 53 | BC45: 54 | BD45: 55 | BE45: 56 | BF45: 57 | BG45: 58 | BH45: 59 | BI45: 60 | BJ45: 61 | BK45: 62 | BL45: 63 | BM45: 64
A46: IP(M) | B46: {=INDEX($B$36:$I$43, INT((COLUMN(A1)-1)/8)+1, MOD(COLUMN(A1)-1,8)+1)} -> 1 | C46: {=INDEX($B$36:$I$43, INT((COLUMN(B1)-1)/8)+1, MOD(COLUMN(B1)-1,8)+1)} -> 0 | D46: {=INDEX($B$36:$I$43, INT((COLUMN(C1)-1)/8)+1, MOD(COLUMN(C1)-1,8)+1)} -> 0 | E46: {=INDEX($B$36:$I$43, INT((COLUMN(D1)-1)/8)+1, MOD(COLUMN(D1)-1,8)+1)} -> 1 | F46: {=INDEX($B$36:$I$43, INT((COLUMN(E1)-1)/8)+1, MOD(COLUMN(E1)-1,8)+1)} -> 1 | G46: {=INDEX($B$36:$I$43, INT((COLUMN(F1)-1)/8)+1, MOD(COLUMN(F1)-1,8)+1)} -> 0 | H46: {=INDEX($B$36:$I$43, INT((COLUMN(G1)-1)/8)+1, MOD(COLUMN(G1)-1,8)+1)} -> 0 | I46: {=INDEX($B$36:$I$43, INT((COLUMN(H1)-1)/8)+1, MOD(COLUMN(H1)-1,8)+1)} -> 0 | ... BM46: {=INDEX($B$36:$I$43, INT((COLUMN(BL1)-1)/8)+1, MOD(COLUMN(BL1)-1,8)+1)} -> 0
A48: Tính toán các giá trị khóa vòng
A50: Bảng PC-1(K) | B50: {=INDEX($B$12:$BS$12, B25)} -> 1 | C50: {=INDEX($B$12:$BS$12, C25)} -> 1 | D50: {=INDEX($B$12:$BS$12, D25)} -> 1 | E50: {=INDEX($B$12:$BS$12, E25)} -> 1 | F50: {=INDEX($B$12:$BS$12, F25)} -> 0 | G50: {=INDEX($B$12:$BS$12, G25)} -> 0 | H50: {=INDEX($B$12:$BS$12, H25)} -> 0
B51: {=INDEX($B$12:$BS$12, B26)} -> 0 | C51: {=INDEX($B$12:$BS$12, C26)} -> 1 | D51: {=INDEX($B$12:$BS$12, D26)} -> 1 | E51: {=INDEX($B$12:$BS$12, E26)} -> 0 | F51: {=INDEX($B$12:$BS$12, F26)} -> 0 | G51: {=INDEX($B$12:$BS$12, G26)} -> 1 | H51: {=INDEX($B$12:$BS$12, H26)} -> 1
B52: {=INDEX($B$12:$BS$12, B27)} -> 0 | C52: {=INDEX($B$12:$BS$12, C27)} -> 0 | D52: {=INDEX($B$12:$BS$12, D27)} -> 1 | E52: {=INDEX($B$12:$BS$12, E27)} -> 0 | F52: {=INDEX($B$12:$BS$12, F27)} -> 1 | G52: {=INDEX($B$12:$BS$12, G27)} -> 0 | H52: {=INDEX($B$12:$BS$12, H27)} -> 1
B53: {=INDEX($B$12:$BS$12, B28)} -> 0 | C53: {=INDEX($B$12:$BS$12, C28)} -> 1 | D53: {=INDEX($B$12:$BS$12, D28)} -> 0 | E53: {=INDEX($B$12:$BS$12, E28)} -> 1 | F53: {=INDEX($B$12:$BS$12, F28)} -> 0 | G53: {=INDEX($B$12:$BS$12, G28)} -> 1 | H53: {=INDEX($B$12:$BS$12, H28)} -> 1
B54: {=INDEX($B$12:$BS$12, B29)} -> 1 | C54: {=INDEX($B$12:$BS$12, C29)} -> 0 | D54: {=INDEX($B$12:$BS$12, D29)} -> 1 | E54: {=INDEX($B$12:$BS$12, E29)} -> 0 | F54: {=INDEX($B$12:$BS$12, F29)} -> 1 | G54: {=INDEX($B$12:$BS$12, G29)} -> 0 | H54: {=INDEX($B$12:$BS$12, H29)} -> 1
B55: {=INDEX($B$12:$BS$12, B30)} -> 0 | C55: {=INDEX($B$12:$BS$12, C30)} -> 1 | D55: {=INDEX($B$12:$BS$12, D30)} -> 1 | E55: {=INDEX($B$12:$BS$12, E30)} -> 0 | F55: {=INDEX($B$12:$BS$12, F30)} -> 0 | G55: {=INDEX($B$12:$BS$12, G30)} -> 1 | H55: {=INDEX($B$12:$BS$12, H30)} -> 1
B56: {=INDEX($B$12:$BS$12, B31)} -> 0 | C56: {=INDEX($B$12:$BS$12, C31)} -> 0 | D56: {=INDEX($B$12:$BS$12, D31)} -> 1 | E56: {=INDEX($B$12:$BS$12, E31)} -> 1 | F56: {=INDEX($B$12:$BS$12, F31)} -> 1 | G56: {=INDEX($B$12:$BS$12, G31)} -> 1 | H56: {=INDEX($B$12:$BS$12, H31)} -> 0
B57: {=INDEX($B$12:$BS$12, B32)} -> 0 | C57: {=INDEX($B$12:$BS$12, C32)} -> 0 | D57: {=INDEX($B$12:$BS$12, D32)} -> 0 | E57: {=INDEX($B$12:$BS$12, E32)} -> 1 | F57: {=INDEX($B$12:$BS$12, F32)} -> 0 | G57: {=INDEX($B$12:$BS$12, G32)} -> 1 | H57: {=INDEX($B$12:$BS$12, H32)} -> 0
A59: STT | B59: 1 | C59: 2 | D59: 3 | E59: 4 | F59: 5 | G59: 6 | H59: 7 | I59: 8 | J59: 9 | K59: 10 | L59: 11 | M59: 12 | N59: 13 | O59: 14 | P59: 15 | Q59: 16 | R59: 17 | S59: 18 | T59: 19 | U59: 20 | V59: 21 | W59: 22 | X59: 23 | Y59: 24 | Z59: 25 | AA59: 26 | AB59: 27 | AC59: 28 | AD59: 29 | AE59: 30 | AF59: 31 | AG59: 32 | AH59: 33 | AI59: 34 | AJ59: 35 | AK59: 36 | AL59: 37 | AM59: 38 | AN59: 39 | AO59: 40 | AP59: 41 | AQ59: 42 | AR59: 43 | AS59: 44 | AT59: 45 | AU59: 46 | AV59: 47 | AW59: 48 | AX59: 49 | AY59: 50 | AZ59: 51 | BA59: 52 | BB59: 53 | BC59: 54 | BD59: 55 | BE59: 56
A60: PC-1(K) | B60: {=INDEX($B$50:$H$57, INT((COLUMN(A1)-1)/7)+1, MOD(COLUMN(A1)-1,7)+1)} -> 1 | C60: {=INDEX($B$50:$H$57, INT((COLUMN(B1)-1)/7)+1, MOD(COLUMN(B1)-1,7)+1)} -> 1 | D60: {=INDEX($B$50:$H$57, INT((COLUMN(C1)-1)/7)+1, MOD(COLUMN(C1)-1,7)+1)} -> 1 | E60: {=INDEX($B$50:$H$57, INT((COLUMN(D1)-1)/7)+1, MOD(COLUMN(D1)-1,7)+1)} -> 1 | F60: {=INDEX($B$50:$H$57, INT((COLUMN(E1)-1)/7)+1, MOD(COLUMN(E1)-1,7)+1)} -> 0 | G60: {=INDEX($B$50:$H$57, INT((COLUMN(F1)-1)/7)+1, MOD(COLUMN(F1)-1,7)+1)} -> 0 | H60: {=INDEX($B$50:$H$57, INT((COLUMN(G1)-1)/7)+1, MOD(COLUMN(G1)-1,7)+1)} -> 0 | I60: {=INDEX($B$50:$H$57, INT((COLUMN(H1)-1)/7)+1, MOD(COLUMN(H1)-1,7)+1)} -> 0 | ... BE60: {=INDEX($B$50:$H$57, INT((COLUMN(BD1)-1)/7)+1, MOD(COLUMN(BD1)-1,7)+1)} -> 0
A62: C0
A64: STT | B64: 1 | C64: 2 | D64: 3 | E64: 4 | F64: 5 | G64: 6 | H64: 7 | I64: 8 | J64: 9 | K64: 10 | L64: 11 | M64: 12 | N64: 13 | O64: 14 | P64: 15 | Q64: 16 | R64: 17 | S64: 18 | T64: 19 | U64: 20 | V64: 21 | W64: 22 | X64: 23 | Y64: 24 | Z64: 25 | AA64: 26 | AB64: 27 | AC64: 28
A65: C0 | B65: 1 | C65: 1 | D65: 1 | E65: 1 | F65: 0 | G65: 0 | H65: 0 | I65: 0 | J65: 1 | K65: 1 | L65: 0 | M65: 0 | N65: 1 | O65: 1 | P65: 0 | Q65: 0 | R65: 1 | S65: 0 | T65: 1 | U65: 0 | V65: 1 | W65: 0 | X65: 1 | Y65: 0 | Z65: 1 | AA65: 0 | AB65: 1 | AC65: 1
A67: D0
A69: STT | B69: 1 | C69: 2 | D69: 3 | E69: 4 | F69: 5 | G69: 6 | H69: 7 | I69: 8 | J69: 9 | K69: 10 | L69: 11 | M69: 12 | N69: 13 | O69: 14 | P69: 15 | Q69: 16 | R69: 17 | S69: 18 | T69: 19 | U69: 20 | V69: 21 | W69: 22 | X69: 23 | Y69: 24 | Z69: 25 | AA69: 26 | AB69: 27 | AC69: 28
A70: D0 | B70: 1 | C70: 0 | D70: 1 | E70: 0 | F70: 1 | G70: 0 | H70: 1 | I70: 0 | J70: 1 | K70: 1 | L70: 0 | M70: 0 | N70: 1 | O70: 1 | P70: 0 | Q70: 0 | R70: 1 | S70: 1 | T70: 1 | U70: 1 | V70: 0 | W70: 0 | X70: 0 | Y70: 0 | Z70: 1 | AA70: 0 | AB70: 1 | AC70: 0
A72: Tính K1
A73: C1
A75: STT | B75: 1 | C75: 2 | D75: 3 | E75: 4 | F75: 5 | G75: 6 | H75: 7 | I75: 8 | J75: 9 | K75: 10 | L75: 11 | M75: 12 | N75: 13 | O75: 14 | P75: 15 | Q75: 16 | R75: 17 | S75: 18 | T75: 19 | U75: 20 | V75: 21 | W75: 22 | X75: 23 | Y75: 24 | Z75: 25 | AA75: 26 | AB75: 27 | AC75: 28
A76: C1 | B76: 1 | C76: 1 | D76: 1 | E76: 0 | F76: 0 | G76: 0 | H76: 0 | I76: 1 | J76: 1 | K76: 0 | L76: 0 | M76: 1 | N76: 1 | O76: 0 | P76: 0 | Q76: 1 | R76: 0 | S76: 1 | T76: 0 | U76: 1 | V76: 0 | W76: 1 | X76: 0 | Y76: 1 | Z76: 0 | AA76: 1 | AB76: 1 | AC76: 1
A78: D1
A80: STT | B80: 1 | C80: 2 | D80: 3 | E80: 4 | F80: 5 | G80: 6 | H80: 7 | I80: 8 | J80: 9 | K80: 10 | L80: 11 | M80: 12 | N80: 13 | O80: 14 | P80: 15 | Q80: 16 | R80: 17 | S80: 18 | T80: 19 | U80: 20 | V80: 21 | W80: 22 | X80: 23 | Y80: 24 | Z80: 25 | AA80: 26 | AB80: 27 | AC80: 28
A81: D1 | B81: 0 | C81: 1 | D81: 0 | E81: 1 | F81: 0 | G81: 1 | H81: 0 | I81: 1 | J81: 1 | K81: 0 | L81: 0 | M81: 1 | N81: 1 | O81: 0 | P81: 0 | Q81: 1 | R81: 1 | S81: 1 | T81: 1 | U81: 0 | V81: 0 | W81: 0 | X81: 0 | Y81: 1 | Z81: 0 | AA81: 1 | AB81: 0 | AC81: 1
A83: => Ghép lại được bảng C1D1
A85: STT | B85: 1 | C85: 2 | D85: 3 | E85: 4 | F85: 5 | G85: 6 | H85: 7 | I85: 8 | J85: 9 | K85: 10 | L85: 11 | M85: 12 | N85: 13 | O85: 14 | P85: 15 | Q85: 16 | R85: 17 | S85: 18 | T85: 19 | U85: 20 | V85: 21 | W85: 22 | X85: 23 | Y85: 24 | Z85: 25 | AA85: 26 | AB85: 27 | AC85: 28 | AD85: 29 | AE85: 30 | AF85: 31 | AG85: 32 | AH85: 33 | AI85: 34 | AJ85: 35 | AK85: 36 | AL85: 37 | AM85: 38 | AN85: 39 | AO85: 40 | AP85: 41 | AQ85: 42 | AR85: 43 | AS85: 44 | AT85: 45 | AU85: 46 | AV85: 47 | AW85: 48 | AX85: 49 | AY85: 50 | AZ85: 51 | BA85: 52 | BB85: 53 | BC85: 54 | BD85: 55 | BE85: 56
A86: C1D1 | B86: 1 | C86: 1 | D86: 1 | E86: 0 | F86: 0 | G86: 0 | H86: 0 | I86: 1 | J86: 1 | K86: 0 | L86: 0 | M86: 1 | N86: 1 | O86: 0 | P86: 0 | Q86: 1 | R86: 0 | S86: 1 | T86: 0 | U86: 1 | V86: 0 | W86: 1 | X86: 0 | Y86: 1 | Z86: 0 | AA86: 1 | AB86: 1 | AC86: 1 | AD86: 0 | AE86: 1 | AF86: 0 | AG86: 1 | AH86: 0 | AI86: 1 | AJ86: 0 | AK86: 1 | AL86: 1 | AM86: 0 | AN86: 0 | AO86: 1 | AP86: 1 | AQ86: 0 | AR86: 0 | AS86: 1 | AT86: 1 | AU86: 1 | AV86: 1 | AW86: 0 | AX86: 0 | AY86: 0 | AZ86: 0 | BA86: 1 | BB86: 0 | BC86: 1 | BD86: 0 | BE86: 1
A88: Bảng K1 | B88: {=INDEX($B$86:$BE$86, K25)} -> 0 | C88: {=INDEX($B$86:$BE$86, L25)} -> 0 | D88: {=INDEX($B$86:$BE$86, M25)} -> 0 | E88: {=INDEX($B$86:$BE$86, N25)} -> 1 | F88: {=INDEX($B$86:$BE$86, O25)} -> 1 | G88: {=INDEX($B$86:$BE$86, P25)} -> 0
B89: {=INDEX($B$86:$BE$86, K26)} -> 1 | C89: {=INDEX($B$86:$BE$86, L26)} -> 1 | D89: {=INDEX($B$86:$BE$86, M26)} -> 0 | E89: {=INDEX($B$86:$BE$86, N26)} -> 0 | F89: {=INDEX($B$86:$BE$86, O26)} -> 0 | G89: {=INDEX($B$86:$BE$86, P26)} -> 0
B90: {=INDEX($B$86:$BE$86, K27)} -> 0 | C90: {=INDEX($B$86:$BE$86, L27)} -> 0 | D90: {=INDEX($B$86:$BE$86, M27)} -> 1 | E90: {=INDEX($B$86:$BE$86, N27)} -> 0 | F90: {=INDEX($B$86:$BE$86, O27)} -> 1 | G90: {=INDEX($B$86:$BE$86, P27)} -> 1
B91: {=INDEX($B$86:$BE$86, K28)} -> 1 | C91: {=INDEX($B$86:$BE$86, L28)} -> 0 | D91: {=INDEX($B$86:$BE$86, M28)} -> 1 | E91: {=INDEX($B$86:$BE$86, N28)} -> 1 | F91: {=INDEX($B$86:$BE$86, O28)} -> 1 | G91: {=INDEX($B$86:$BE$86, P28)} -> 1
B92: {=INDEX($B$86:$BE$86, K29)} -> 1 | C92: {=INDEX($B$86:$BE$86, L29)} -> 1 | D92: {=INDEX($B$86:$BE$86, M29)} -> 0 | E92: {=INDEX($B$86:$BE$86, N29)} -> 1 | F92: {=INDEX($B$86:$BE$86, O29)} -> 1 | G92: {=INDEX($B$86:$BE$86, P29)} -> 0
B93: {=INDEX($B$86:$BE$86, K30)} -> 1 | C93: {=INDEX($B$86:$BE$86, L30)} -> 1 | D93: {=INDEX($B$86:$BE$86, M30)} -> 0 | E93: {=INDEX($B$86:$BE$86, N30)} -> 1 | F93: {=INDEX($B$86:$BE$86, O30)} -> 0 | G93: {=INDEX($B$86:$BE$86, P30)} -> 0
B94: {=INDEX($B$86:$BE$86, K31)} -> 1 | C94: {=INDEX($B$86:$BE$86, L31)} -> 0 | D94: {=INDEX($B$86:$BE$86, M31)} -> 0 | E94: {=INDEX($B$86:$BE$86, N31)} -> 1 | F94: {=INDEX($B$86:$BE$86, O31)} -> 1 | G94: {=INDEX($B$86:$BE$86, P31)} -> 0
B95: {=INDEX($B$86:$BE$86, K32)} -> 1 | C95: {=INDEX($B$86:$BE$86, L32)} -> 0 | D95: {=INDEX($B$86:$BE$86, M32)} -> 0 | E95: {=INDEX($B$86:$BE$86, N32)} -> 1 | F95: {=INDEX($B$86:$BE$86, O32)} -> 0 | G95: {=INDEX($B$86:$BE$86, P32)} -> 1
A97: STT | B97: 1 | C97: 2 | D97: 3 | E97: 4 | F97: 5 | G97: 6 | H97: 7 | I97: 8 | J97: 9 | K97: 10 | L97: 11 | M97: 12 | N97: 13 | O97: 14 | P97: 15 | Q97: 16 | R97: 17 | S97: 18 | T97: 19 | U97: 20 | V97: 21 | W97: 22 | X97: 23 | Y97: 24 | Z97: 25 | AA97: 26 | AB97: 27 | AC97: 28 | AD97: 29 | AE97: 30 | AF97: 31 | AG97: 32 | AH97: 33 | AI97: 34 | AJ97: 35 | AK97: 36 | AL97: 37 | AM97: 38 | AN97: 39 | AO97: 40 | AP97: 41 | AQ97: 42 | AR97: 43 | AS97: 44 | AT97: 45 | AU97: 46 | AV97: 47 | AW97: 48
A98: K1 | B98: {=INDEX($B$88:$G95, INT((COLUMN(A1)-1)/6)+1, MOD(COLUMN(A1)-1,6)+1)} -> 0 | C98: {=INDEX($B$88:$G95, INT((COLUMN(B1)-1)/6)+1, MOD(COLUMN(B1)-1,6)+1)} -> 0 | D98: {=INDEX($B$88:$G95, INT((COLUMN(C1)-1)/6)+1, MOD(COLUMN(C1)-1,6)+1)} -> 0 | E98: {=INDEX($B$88:$G95, INT((COLUMN(D1)-1)/6)+1, MOD(COLUMN(D1)-1,6)+1)} -> 1 | F98: {=INDEX($B$88:$G95, INT((COLUMN(E1)-1)/6)+1, MOD(COLUMN(E1)-1,6)+1)} -> 1 | G98: {=INDEX($B$88:$G95, INT((COLUMN(F1)-1)/6)+1, MOD(COLUMN(F1)-1,6)+1)} -> 0 | H98: {=INDEX($B$88:$G95, INT((COLUMN(G1)-1)/6)+1, MOD(COLUMN(G1)-1,6)+1)} -> 1 | I98: {=INDEX($B$88:$G95, INT((COLUMN(H1)-1)/6)+1, MOD(COLUMN(H1)-1,6)+1)} -> 1 | ... AW98: {=INDEX($B$88:$G95, INT((COLUMN(AV1)-1)/6)+1, MOD(COLUMN(AV1)-1,6)+1)} -> 1
A100: Tính K2
A101: C2
A103: STT | B103: 1 | C103: 2 | D103: 3 | E103: 4 | F103: 5 | G103: 6 | H103: 7 | I103: 8 | J103: 9 | K103: 10 | L103: 11 | M103: 12 | N103: 13 | O103: 14 | P103: 15 | Q103: 16 | R103: 17 | S103: 18 | T103: 19 | U103: 20 | V103: 21 | W103: 22 | X103: 23 | Y103: 24 | Z103: 25 | AA103: 26 | AB103: 27 | AC103: 28
A104: C2 | B104: 1 | C104: 1 | D104: 0 | E104: 0 | F104: 0 | G104: 0 | H104: 1 | I104: 1 | J104: 0 | K104: 0 | L104: 1 | M104: 1 | N104: 0 | O104: 0 | P104: 1 | Q104: 0 | R104: 1 | S104: 0 | T104: 1 | U104: 0 | V104: 1 | W104: 0 | X104: 1 | Y104: 0 | Z104: 1 | AA104: 1 | AB104: 1 | AC104: 1
A106: D2
A108: STT | B108: 1 | C108: 2 | D108: 3 | E108: 4 | F108: 5 | G108: 6 | H108: 7 | I108: 8 | J108: 9 | K108: 10 | L108: 11 | M108: 12 | N108: 13 | O108: 14 | P108: 15 | Q108: 16 | R108: 17 | S108: 18 | T108: 19 | U108: 20 | V108: 21 | W108: 22 | X108: 23 | Y108: 24 | Z108: 25 | AA108: 26 | AB108: 27 | AC108: 28
A109: D2 | B109: 1 | C109: 0 | D109: 1 | E109: 0 | F109: 1 | G109: 0 | H109: 1 | I109: 1 | J109: 0 | K109: 0 | L109: 1 | M109: 1 | N109: 0 | O109: 0 | P109: 1 | Q109: 1 | R109: 1 | S109: 1 | T109: 0 | U109: 0 | V109: 0 | W109: 0 | X109: 1 | Y109: 0 | Z109: 1 | AA109: 0 | AB109: 1 | AC109: 0
A111: => Ghép lại được bảng C2D2
A113: STT | B113: 1 | C113: 2 | D113: 3 | E113: 4 | F113: 5 | G113: 6 | H113: 7 | I113: 8 | J113: 9 | K113: 10 | L113: 11 | M113: 12 | N113: 13 | O113: 14 | P113: 15 | Q113: 16 | R113: 17 | S113: 18 | T113: 19 | U113: 20 | V113: 21 | W113: 22 | X113: 23 | Y113: 24 | Z113: 25 | AA113: 26 | AB113: 27 | AC113: 28 | AD113: 29 | AE113: 30 | AF113: 31 | AG113: 32 | AH113: 33 | AI113: 34 | AJ113: 35 | AK113: 36 | AL113: 37 | AM113: 38 | AN113: 39 | AO113: 40 | AP113: 41 | AQ113: 42 | AR113: 43 | AS113: 44 | AT113: 45 | AU113: 46 | AV113: 47 | AW113: 48 | AX113: 49 | AY113: 50 | AZ113: 51 | BA113: 52 | BB113: 53 | BC113: 54 | BD113: 55 | BE113: 56
A114: C2D2 | B114: 1 | C114: 1 | D114: 0 | E114: 0 | F114: 0 | G114: 0 | H114: 1 | I114: 1 | J114: 0 | K114: 0 | L114: 1 | M114: 1 | N114: 0 | O114: 0 | P114: 1 | Q114: 0 | R114: 1 | S114: 0 | T114: 1 | U114: 0 | V114: 1 | W114: 0 | X114: 1 | Y114: 0 | Z114: 1 | AA114: 1 | AB114: 1 | AC114: 1 | AD114: 1 | AE114: 0 | AF114: 1 | AG114: 0 | AH114: 1 | AI114: 0 | AJ114: 1 | AK114: 1 | AL114: 0 | AM114: 0 | AN114: 1 | AO114: 1 | AP114: 0 | AQ114: 0 | AR114: 1 | AS114: 1 | AT114: 1 | AU114: 1 | AV114: 0 | AW114: 0 | AX114: 0 | AY114: 0 | AZ114: 1 | BA114: 0 | BB114: 1 | BC114: 0 | BD114: 1 | BE114: 0
A116: Bảng K2 | B116: {=INDEX($B$114:$BE$114, K25)} -> 0 | C116: {=INDEX($B$114:$BE$114, L25)} -> 1 | D116: {=INDEX($B$114:$BE$114, M25)} -> 1 | E116: {=INDEX($B$114:$BE$114, N25)} -> 0 | F116: {=INDEX($B$114:$BE$114, O25)} -> 1 | G116: {=INDEX($B$114:$BE$114, P25)} -> 0
B117: {=INDEX($B$114:$BE$114, K26)} -> 0 | C117: {=INDEX($B$114:$BE$114, L26)} -> 1 | D117: {=INDEX($B$114:$BE$114, M26)} -> 1 | E117: {=INDEX($B$114:$BE$114, N26)} -> 0 | F117: {=INDEX($B$114:$BE$114, O26)} -> 1 | G117: {=INDEX($B$114:$BE$114, P26)} -> 0
B118: {=INDEX($B$114:$BE$114, K27)} -> 1 | C118: {=INDEX($B$114:$BE$114, L27)} -> 1 | D118: {=INDEX($B$114:$BE$114, M27)} -> 1 | E118: {=INDEX($B$114:$BE$114, N27)} -> 0 | F118: {=INDEX($B$114:$BE$114, O27)} -> 1 | G118: {=INDEX($B$114:$BE$114, P27)} -> 1
B119: {=INDEX($B$114:$BE$114, K28)} -> 0 | C119: {=INDEX($B$114:$BE$114, L28)} -> 1 | D119: {=INDEX($B$114:$BE$114, M28)} -> 1 | E119: {=INDEX($B$114:$BE$114, N28)} -> 0 | F119: {=INDEX($B$114:$BE$114, O28)} -> 0 | G119: {=INDEX($B$114:$BE$114, P28)} -> 1
B120: {=INDEX($B$114:$BE$114, K29)} -> 0 | C120: {=INDEX($B$114:$BE$114, L29)} -> 0 | D120: {=INDEX($B$114:$BE$114, M29)} -> 1 | E120: {=INDEX($B$114:$BE$114, N29)} -> 0 | F120: {=INDEX($B$114:$BE$114, O29)} -> 0 | G120: {=INDEX($B$114:$BE$114, P29)} -> 1
B121: {=INDEX($B$114:$BE$114, K30)} -> 0 | C121: {=INDEX($B$114:$BE$114, L30)} -> 1 | D121: {=INDEX($B$114:$BE$114, M30)} -> 1 | E121: {=INDEX($B$114:$BE$114, N30)} -> 1 | F121: {=INDEX($B$114:$BE$114, O30)} -> 1 | G121: {=INDEX($B$114:$BE$114, P30)} -> 0
B122: {=INDEX($B$114:$BE$114, K31)} -> 1 | C122: {=INDEX($B$114:$BE$114, L31)} -> 0 | D122: {=INDEX($B$114:$BE$114, M31)} -> 1 | E122: {=INDEX($B$114:$BE$114, N31)} -> 0 | F122: {=INDEX($B$114:$BE$114, O31)} -> 0 | G122: {=INDEX($B$114:$BE$114, P31)} -> 1
B123: {=INDEX($B$114:$BE$114, K32)} -> 1 | C123: {=INDEX($B$114:$BE$114, L32)} -> 0 | D123: {=INDEX($B$114:$BE$114, M32)} -> 0 | E123: {=INDEX($B$114:$BE$114, N32)} -> 1 | F123: {=INDEX($B$114:$BE$114, O32)} -> 1 | G123: {=INDEX($B$114:$BE$114, P32)} -> 0
A125: STT | B125: 1 | C125: 2 | D125: 3 | E125: 4 | F125: 5 | G125: 6 | H125: 7 | I125: 8 | J125: 9 | K125: 10 | L125: 11 | M125: 12 | N125: 13 | O125: 14 | P125: 15 | Q125: 16 | R125: 17 | S125: 18 | T125: 19 | U125: 20 | V125: 21 | W125: 22 | X125: 23 | Y125: 24 | Z125: 25 | AA125: 26 | AB125: 27 | AC125: 28 | AD125: 29 | AE125: 30 | AF125: 31 | AG125: 32 | AH125: 33 | AI125: 34 | AJ125: 35 | AK125: 36 | AL125: 37 | AM125: 38 | AN125: 39 | AO125: 40 | AP125: 41 | AQ125: 42 | AR125: 43 | AS125: 44 | AT125: 45 | AU125: 46 | AV125: 47 | AW125: 48
A126: K2 | B126: {=INDEX($B$116:$G123, INT((COLUMN(A29)-1)/6)+1, MOD(COLUMN(A29)-1,6)+1)} -> 0 | C126: {=INDEX($B$116:$G123, INT((COLUMN(B29)-1)/6)+1, MOD(COLUMN(B29)-1,6)+1)} -> 1 | D126: {=INDEX($B$116:$G123, INT((COLUMN(C29)-1)/6)+1, MOD(COLUMN(C29)-1,6)+1)} -> 1 | E126: {=INDEX($B$116:$G123, INT((COLUMN(D29)-1)/6)+1, MOD(COLUMN(D29)-1,6)+1)} -> 0 | F126: {=INDEX($B$116:$G123, INT((COLUMN(E29)-1)/6)+1, MOD(COLUMN(E29)-1,6)+1)} -> 1 | G126: {=INDEX($B$116:$G123, INT((COLUMN(F29)-1)/6)+1, MOD(COLUMN(F29)-1,6)+1)} -> 0 | H126: {=INDEX($B$116:$G123, INT((COLUMN(G29)-1)/6)+1, MOD(COLUMN(G29)-1,6)+1)} -> 0 | I126: {=INDEX($B$116:$G123, INT((COLUMN(H29)-1)/6)+1, MOD(COLUMN(H29)-1,6)+1)} -> 1 | ... AW126: {=INDEX($B$116:$G123, INT((COLUMN(AV29)-1)/6)+1, MOD(COLUMN(AV29)-1,6)+1)} -> 0
A128: Tính K3
A129: C3
A131: STT | B131: 1 | C131: 2 | D131: 3 | E131: 4 | F131: 5 | G131: 6 | H131: 7 | I131: 8 | J131: 9 | K131: 10 | L131: 11 | M131: 12 | N131: 13 | O131: 14 | P131: 15 | Q131: 16 | R131: 17 | S131: 18 | T131: 19 | U131: 20 | V131: 21 | W131: 22 | X131: 23 | Y131: 24 | Z131: 25 | AA131: 26 | AB131: 27 | AC131: 28
A132: C3 | B132: 0 | C132: 0 | D132: 0 | E132: 0 | F132: 1 | G132: 1 | H132: 0 | I132: 0 | J132: 1 | K132: 1 | L132: 0 | M132: 0 | N132: 1 | O132: 0 | P132: 1 | Q132: 0 | R132: 1 | S132: 0 | T132: 1 | U132: 0 | V132: 1 | W132: 0 | X132: 1 | Y132: 1 | Z132: 1 | AA132: 1 | AB132: 1 | AC132: 1
A134: D3
A136: STT | B136: 1 | C136: 2 | D136: 3 | E136: 4 | F136: 5 | G136: 6 | H136: 7 | I136: 8 | J136: 9 | K136: 10 | L136: 11 | M136: 12 | N136: 13 | O136: 14 | P136: 15 | Q136: 16 | R136: 17 | S136: 18 | T136: 19 | U136: 20 | V136: 21 | W136: 22 | X136: 23 | Y136: 24 | Z136: 25 | AA136: 26 | AB136: 27 | AC136: 28
...

Sheet S-box
A1: BẢNG S1
A2: 14 | B2: 4 | C2: 13 | D2: 1 | E2: 2 | F2: 15 | G2: 11 | H2: 8 | I2: 3 | J2: 10 | K2: 6 | L2: 12 | M2: 5 | N2: 9 | O2: 0 | P2: 7
A3: 0 | B3: 15 | C3: 7 | D3: 4 | E3: 14 | F3: 2 | G3: 13 | H3: 1 | I3: 10 | J3: 6 | K3: 12 | L3: 11 | M3: 9 | N3: 5 | O3: 3 | P3: 8
A4: 4 | B4: 1 | C4: 14 | D4: 8 | E4: 13 | F4: 6 | G4: 2 | H4: 11 | I4: 15 | J4: 12 | K4: 9 | L4: 7 | M4: 3 | N4: 10 | O4: 5 | P4: 0
A5: 15 | B5: 12 | C5: 8 | D5: 2 | E5: 4 | F5: 9 | G5: 1 | H5: 7 | I5: 5 | J5: 11 | K5: 3 | L5: 14 | M5: 10 | N5: 0 | O5: 6 | P5: 13
A7: BẢNG S2
A8: 15 | B8: 1 | C8: 8 | D8: 14 | E8: 6 | F8: 11 | G8: 3 | H8: 4 | I8: 9 | J8: 7 | K8: 2 | L8: 13 | M8: 12 | N8: 0 | O8: 5 | P8: 10
A9: 3 | B9: 13 | C9: 4 | D9: 7 | E9: 15 | F9: 2 | G9: 8 | H9: 14 | I9: 12 | J9: 0 | K9: 1 | L9: 10 | M9: 6 | N9: 9 | O9: 11 | P9: 5
A10: 0 | B10: 14 | C10: 7 | D10: 11 | E10: 10 | F10: 4 | G10: 13 | H10: 1 | I10: 5 | J10: 8 | K10: 12 | L10: 6 | M10: 9 | N10: 3 | O10: 2 | P10: 15
A11: 13 | B11: 8 | C11: 10 | D11: 1 | E11: 3 | F11: 15 | G11: 4 | H11: 2 | I11: 11 | J11: 6 | K11: 7 | L11: 12 | M11: 0 | N11: 5 | O11: 14 | P11: 9
A13: BẢNG S3
A14: 10 | B14: 0 | C14: 9 | D14: 14 | E14: 6 | F14: 3 | G14: 15 | H14: 5 | I14: 1 | J14: 13 | K14: 12 | L14: 7 | M14: 11 | N14: 4 | O14: 2 | P14: 8
A15: 13 | B15: 7 | C15: 0 | D15: 9 | E15: 3 | F15: 4 | G15: 6 | H15: 10 | I15: 2 | J15: 8 | K15: 5 | L15: 14 | M15: 12 | N15: 11 | O15: 15 | P15: 1
A16: 13 | B16: 6 | C16: 4 | D16: 9 | E16: 8 | F16: 15 | G16: 3 | H16: 0 | I16: 11 | J16: 1 | K16: 2 | L16: 12 | M16: 5 | N16: 10 | O16: 14 | P16: 7
A17: 1 | B17: 10 | C17: 13 | D17: 0 | E17: 6 | F17: 9 | G17: 8 | H17: 7 | I17: 4 | J17: 15 | K17: 14 | L17: 3 | M17: 11 | N17: 5 | O17: 2 | P17: 12
A19: BẢNG S4
A20: 7 | B20: 13 | C20: 14 | D20: 3 | E20: 0 | F20: 6 | G20: 9 | H20: 10 | I20: 1 | J20: 2 | K20: 8 | L20: 5 | M20: 11 | N20: 12 | O20: 4 | P20: 15
A21: 13 | B21: 8 | C21: 11 | D21: 5 | E21: 6 | F21: 15 | G21: 0 | H21: 3 | I21: 4 | J21: 7 | K21: 2 | L21: 12 | M21: 1 | N21: 10 | O21: 14 | P21: 9
A22: 10 | B22: 6 | C22: 9 | D22: 0 | E22: 12 | F22: 11 | G22: 7 | H22: 13 | I22: 15 | J22: 1 | K22: 3 | L22: 14 | M22: 5 | N22: 2 | O22: 8 | P22: 4
A23: 3 | B23: 15 | C23: 0 | D23: 6 | E23: 10 | F23: 1 | G23: 13 | H23: 8 | I23: 9 | J23: 4 | K23: 5 | L23: 11 | M23: 12 | N23: 7 | O23: 2 | P23: 14
A25: BẢNG S5
A26: 2 | B26: 12 | C26: 4 | D26: 1 | E26: 7 | F26: 10 | G26: 11 | H26: 6 | I26: 8 | J26: 5 | K26: 3 | L26: 15 | M26: 13 | N26: 0 | O26: 14 | P26: 9
A27: 14 | B27: 11 | C27: 2 | D27: 12 | E27: 4 | F27: 7 | G27: 13 | H27: 1 | I27: 5 | J27: 0 | K27: 15 | L27: 10 | M27: 3 | N27: 9 | O27: 8 | P27: 6
A28: 4 | B28: 2 | C28: 1 | D28: 11 | E28: 10 | F28: 13 | G28: 7 | H28: 8 | I28: 15 | J28: 9 | K28: 12 | L28: 5 | M28: 6 | N28: 3 | O28: 0 | P28: 14
A29: 11 | B29: 8 | C29: 12 | D29: 7 | E29: 1 | F29: 14 | G29: 2 | H29: 13 | I29: 6 | J29: 15 | K29: 0 | L29: 9 | M29: 10 | N29: 4 | O29: 5 | P29: 3
A31: BẢNG S6
A32: 12 | B32: 1 | C32: 10 | D32: 15 | E32: 9 | F32: 2 | G32: 6 | H32: 8 | I32: 0 | J32: 13 | K32: 3 | L32: 4 | M32: 14 | N32: 7 | O32: 5 | P32: 11
A33: 10 | B33: 15 | C33: 4 | D33: 2 | E33: 7 | F33: 12 | G33: 9 | H33: 5 | I33: 6 | J33: 1 | K33: 13 | L33: 14 | M33: 0 | N33: 11 | O33: 3 | P33: 8
A34: 9 | B34: 14 | C34: 15 | D34: 5 | E34: 2 | F34: 8 | G34: 12 | H34: 3 | I34: 7 | J34: 0 | K34: 4 | L34: 10 | M34: 1 | N34: 13 | O34: 11 | P34: 6
A35: 4 | B35: 3 | C35: 2 | D35: 12 | E35: 9 | F35: 5 | G35: 15 | H35: 10 | I35: 11 | J35: 14 | K35: 1 | L35: 7 | M35: 6 | N35: 0 | O35: 8 | P35: 13
A37: BẢNG S7
A38: 4 | B38: 11 | C38: 2 | D38: 14 | E38: 15 | F38: 0 | G38: 8 | H38: 13 | I38: 3 | J38: 12 | K38: 9 | L38: 7 | M38: 5 | N38: 10 | O38: 6 | P38: 1
A39: 13 | B39: 0 | C39: 11 | D39: 7 | E39: 4 | F39: 9 | G39: 1 | H39: 10 | I39: 14 | J39: 3 | K39: 5 | L39: 12 | M39: 2 | N39: 15 | O39: 8 | P39: 6
A40: 1 | B40: 4 | C40: 11 | D40: 13 | E40: 12 | F40: 3 | G40: 7 | H40: 14 | I40: 10 | J40: 15 | K40: 6 | L40: 8 | M40: 0 | N40: 5 | O40: 9 | P40: 2
A41: 6 | B41: 11 | C41: 13 | D41: 8 | E41: 1 | F41: 4 | G41: 10 | H41: 7 | I41: 9 | J41: 5 | K41: 0 | L41: 15 | M41: 14 | N41: 2 | O41: 3 | P41: 12
A43: BẢNG S8
A44: 13 | B44: 2 | C44: 8 | D44: 4 | E44: 6 | F44: 15 | G44: 11 | H44: 1 | I44: 10 | J44: 9 | K44: 3 | L44: 14 | M44: 5 | N44: 0 | O44: 12 | P44: 7
A45: 1 | B45: 15 | C45: 13 | D45: 8 | E45: 10 | F45: 3 | G45: 7 | H45: 4 | I45: 12 | J45: 5 | K45: 6 | L45: 11 | M45: 0 | N45: 14 | O45: 9 | P45: 2
A46: 7 | B46: 11 | C46: 4 | D46: 1 | E46: 9 | F46: 12 | G46: 14 | H46: 2 | I46: 0 | J46: 6 | K46: 10 | L46: 13 | M46: 15 | N46: 3 | O46: 5 | P46: 8
A47: 2 | B47: 1 | C47: 14 | D47: 7 | E47: 4 | F47: 10 | G47: 8 | H47: 13 | I47: 15 | J47: 12 | K47: 9 | L47: 0 | M47: 3 | N47: 5 | O47: 6 | P47: 11
